Año(aaaa)-Mes(mm),"Bogotá, D.C.",Cali,Medellín,Barranquilla,Armenia,Bucaramanga,Cartagena De Indias,Cúcuta,Florencia,Ibagué,Manizales,Montería,Neiva,Pasto,Pereira,Popayán,Riohacha,Santa Marta,Sincelejo,Tunja,Valledupar,Villavicencio,"Bogotá, D.C._mensual",Cali_mensual,Medellín_mensual,Barranquilla_mensual,Armenia_mensual,Bucaramanga_mensual,Cartagena De Indias_mensual,Cúcuta_mensual,Florencia_mensual,Ibagué_mensual,Manizales_mensual,Montería_mensual,Neiva_mensual,Pasto_mensual,Pereira_mensual,Popayán_mensual,Riohacha_mensual,Santa Marta_mensual,Sincelejo_mensual,Tunja_mensual,Valledupar_mensual,Villavicencio_mensual,"Bogotá, D.C._corr",Cali_corr,Medellín_corr,Barranquilla_corr,Armenia_corr,Bucaramanga_corr,Cartagena De Indias_corr,Cúcuta_corr,Florencia_corr,Ibagué_corr,Manizales_corr,Montería_corr,Neiva_corr,Pasto_corr,Pereira_corr,Popayán_corr,Riohacha_corr,Santa Marta_corr,Sincelejo_corr,Tunja_corr,Valledupar_corr,Villavicencio_corr,"Bogotá, D.C._anual",Cali_anual,Medellín_anual,Barranquilla_anual,Armenia_anual,Bucaramanga_anual,Cartagena De Indias_anual,Cúcuta_anual,Florencia_anual,Ibagué_anual,Manizales_anual,Montería_anual,Neiva_anual,Pasto_anual,Pereira_anual,Popayán_anual,Riohacha_anual,Santa Marta_anual,Sincelejo_anual,Tunja_anual,Valledupar_anual,Villavicencio_anual
2009-12,70.92,72.79,69.91,69.68,73.23,68.97,71.17,74.71,74.34,72.04,70,72.3,72.74,73.52,72.5,73.29,72.77,73.33,72.42,73.63,71.8,73.6,-0.08,0.05,0.47,0.12,0.09,0.31,0.1,0.05,0.05,0.09,0,0.02,0.46,0.22,0.02,0.32,0.12,0.22,-0.09,0.09,0,0.07,1.88,1.2,2.47,1.8,1.13,3.13,2.03,4.47,1.65,2.21,1.22,1.55,2.82,1.61,1.77,1.98,0.98,1.69,1.6,2.23,2.79,2.26,1.88,1.2,2.47,1.8,1.13,3.13,2.03,4.47,1.65,2.21,1.22,1.55,2.82,1.61,1.77,1.98,0.98,1.69,1.6,2.23,2.79,2.26
2010-01,71.44,73.23,70.51,70.03,73.57,69.57,71.45,74.99,74.73,72.73,70.32,72.83,73.17,73.92,72.88,73.62,73.29,73.8,72.71,73.93,72.42,74.16,0.72,0.61,0.85,0.51,0.46,0.87,0.4,0.38,0.53,0.96,0.46,0.74,0.58,0.54,0.52,0.46,0.71,0.64,0.39,0.41,0.86,0.76,0.72,0.61,0.85,0.51,0.46,0.87,0.4,0.38,0.53,0.96,0.46,0.74,0.58,0.54,0.52,0.46,0.71,0.64,0.39,0.41,0.86,0.76,2.08,1.21,2.7,1.74,0.98,2.99,1.45,3.98,1.82,2.61,1.07,1.78,2.69,2.02,1.57,2.27,0.97,1.84,1.39,2.32,3.09,2.44
2010-02,72.02,73.64,71.17,70.71,73.96,70.39,72.08,75.58,75.2,73.26,70.75,73.48,73.73,74.29,73.36,74.7,73.96,74.51,73.34,74.7,73.13,74.96,0.82,0.56,0.95,0.97,0.53,1.19,0.88,0.78,0.62,0.72,0.62,0.89,0.77,0.5,0.66,1.47,0.91,0.96,0.87,1.03,0.98,1.08,1.54,1.17,1.8,1.49,0.99,2.07,1.28,1.17,1.16,1.69,1.08,1.63,1.36,1.04,1.19,1.93,1.63,1.61,1.27,1.44,1.85,1.85,1.92,1.37,2.69,1.89,1,3.23,1.65,3.8,1.96,2.55,1.16,2.03,3.1,1.74,1.81,2.98,1.49,2.2,1.7,2.07,3.52,2.71
2010-03,72.2,73.9,71.24,70.79,74.17,70.69,72.04,76.19,75.49,73.56,70.87,73.68,73.79,74.62,73.66,74.67,74.15,74.75,73.62,75.05,73.35,75.27,0.25,0.35,0.09,0.11,0.28,0.41,-0.06,0.8,0.39,0.42,0.17,0.27,0.08,0.45,0.41,-0.05,0.26,0.32,0.39,0.47,0.3,0.42,1.8,1.52,1.89,1.6,1.28,2.49,1.22,1.99,1.55,2.12,1.25,1.91,1.44,1.5,1.6,1.89,1.89,1.94,1.66,1.92,2.16,2.27,1.69,1.35,2.3,1.48,0.72,3.31,1.13,3.74,1.85,2.29,0.85,1.5,2.58,1.29,1.54,2.1,1.32,1.82,1.34,1.95,3.08,2.65
2010-04,72.4,74.3,71.59,71.38,74.66,71.22,72.57,76.81,75.77,74,71.23,74.33,74.08,74.81,73.83,74.92,74.86,75.36,74.13,75.11,74.21,75.64,0.28,0.55,0.5,0.83,0.66,0.76,0.74,0.82,0.37,0.6,0.5,0.88,0.39,0.25,0.23,0.34,0.96,0.83,0.69,0.09,1.17,0.49,2.09,2.08,2.4,2.44,1.95,3.27,1.97,2.82,1.92,2.73,1.76,2.81,1.84,1.75,1.83,2.23,2.86,2.78,2.36,2.01,3.36,2.77,1.63,1.68,2.46,2.09,1.28,3.89,1.54,4.26,1.73,2.53,1.12,1.92,2.68,0.92,1.56,1.85,2.04,2.18,1.45,1.64,3.85,2.72
2010-05,72.57,74.33,71.62,71.37,74.66,71.13,72.76,76.6,75.75,74.03,71.28,74.34,74.36,74.77,73.87,75.11,74.42,75.15,74.01,74.9,74.01,75.75,0.23,0.03,0.03,-0.01,-0.01,-0.13,0.26,-0.27,-0.03,0.03,0.08,0.02,0.37,-0.05,0.05,0.25,-0.58,-0.28,-0.17,-0.28,-0.27,0.14,2.33,2.12,2.44,2.44,1.94,3.13,2.24,2.54,1.89,2.76,1.84,2.83,2.22,1.7,1.89,2.5,2.27,2.49,2.19,1.73,3.08,2.92,1.88,1.64,2.47,2.14,1.13,3.52,1.81,3.84,1.81,2.53,1.11,2.26,2.89,1,1.64,2.1,1.49,1.9,1.55,1.31,3.62,2.71
2010-06,72.65,74.47,71.68,71.5,74.86,71.13,72.89,76.67,75.84,74.09,71.3,74.53,74.39,74.74,74.06,74.95,74.44,75.29,74.39,74.68,74.02,75.82,0.11,0.19,0.08,0.17,0.28,0.01,0.18,0.08,0.12,0.09,0.03,0.25,0.05,-0.05,0.26,-0.22,0.03,0.19,0.52,-0.3,0.02,0.1,2.44,2.31,2.52,2.61,2.22,3.14,2.42,2.62,2.02,2.85,1.87,3.08,2.26,1.66,2.15,2.27,2.3,2.68,2.73,1.42,3.1,3.02,1.92,2.08,2.7,2.53,1.59,3.56,2.17,3.93,1.8,2.77,1.11,2.47,2.7,1.5,1.99,2.15,1.89,2.31,2.21,1.31,3.84,2.82
2010-07,72.64,74.4,71.69,71.33,74.69,71.1,72.81,76.73,75.98,74.18,71.3,74.34,74.27,74.68,74,74.8,74.13,75.14,74.68,74.49,73.94,75.88,-0.02,-0.09,0.02,-0.23,-0.23,-0.05,-0.11,0.08,0.18,0.12,0,-0.25,-0.16,-0.08,-0.09,-0.21,-0.41,-0.2,0.39,-0.26,-0.12,0.07,2.42,2.21,2.54,2.37,1.99,3.09,2.3,2.7,2.2,2.98,1.87,2.83,2.1,1.57,2.06,2.06,1.87,2.48,3.13,1.16,2.98,3.1,1.97,2.01,2.76,2.35,1.38,3.39,2.11,3.71,1.9,2.85,1.23,2.46,2.34,1.53,2.09,2,2.06,2.36,2.72,1.27,2.76,2.8
2010-08,72.79,74.32,71.77,71.54,74.64,71.19,72.95,76.09,76.15,74.24,71.42,74.49,74.43,74.61,73.93,74.61,74.18,75.28,74.61,74.52,74.12,75.88,0.22,-0.1,0.12,0.29,-0.06,0.13,0.2,-0.83,0.22,0.08,0.16,0.19,0.21,-0.09,-0.09,-0.25,0.06,0.18,-0.1,0.04,0.25,0,2.64,2.11,2.66,2.67,1.93,3.23,2.51,1.85,2.43,3.06,2.04,3.02,2.31,1.48,1.97,1.8,1.93,2.67,3.02,1.2,3.24,3.1,2.24,1.78,2.68,2.42,1.2,3.54,2.34,2.67,2.18,2.9,1.38,2.48,2.51,1.51,1.88,1.92,2.06,2.46,2.51,1.33,2.88,2.86
2010-09,72.79,73.8,71.75,71.43,74.59,71.08,72.78,75.58,76.2,73.93,71.32,74.23,74.21,74.71,74.2,74.42,74.07,75.24,74.05,74.49,73.96,75.86,-0.01,-0.7,-0.03,-0.14,-0.07,-0.16,-0.24,-0.67,0.07,-0.43,-0.14,-0.35,-0.29,0.13,0.36,-0.25,-0.14,-0.06,-0.74,-0.03,-0.22,-0.03,2.63,1.39,2.63,2.52,1.86,3.07,2.27,1.17,2.5,2.62,1.9,2.67,2.02,1.62,2.34,1.55,1.79,2.61,2.26,1.17,3.01,3.07,2.33,1.36,2.79,2.42,1.39,3.31,2.12,1.51,2.46,2.67,1.43,2.27,2.52,1.62,2.06,1.87,2.05,2.64,1.95,1.43,2.91,2.99
2010-10,72.71,73.65,71.82,71.35,74.48,71.11,72.77,75.24,76.07,73.85,71.17,73.98,74,74.79,74.23,74.34,73.93,75.14,73.75,74.5,73.87,75.82,-0.11,-0.2,0.09,-0.12,-0.15,0.04,-0.02,-0.44,-0.17,-0.1,-0.21,-0.33,-0.29,0.11,0.04,-0.11,-0.19,-0.13,-0.41,0.01,-0.12,-0.05,2.52,1.19,2.73,2.4,1.7,3.1,2.24,0.72,2.32,2.52,1.68,2.33,1.73,1.73,2.39,1.44,1.59,2.47,1.83,1.18,2.88,3.02,2.34,1.37,3.1,2.47,1.58,3.39,2.12,0.86,2.41,2.54,1.5,2.28,2.08,1.74,2.39,1.87,1.75,2.56,1.69,1.36,2.91,2.98
2010-11,72.83,74.02,71.91,71.51,74.6,71.12,72.91,75.57,76.13,74.02,71.19,74.16,74.28,74.97,74.17,74.44,74.08,75.34,73.94,74.68,74.13,75.84,0.16,0.5,0.12,0.22,0.16,0.01,0.2,0.43,0.08,0.22,0.02,0.24,0.37,0.23,-0.08,0.13,0.21,0.26,0.26,0.24,0.35,0.03,2.69,1.7,2.85,2.63,1.86,3.12,2.45,1.15,2.41,2.74,1.71,2.57,2.11,1.97,2.3,1.57,1.8,2.74,2.1,1.42,3.24,3.05,2.6,1.74,3.34,2.75,1.95,3.44,2.55,1.2,2.46,2.84,1.7,2.6,2.58,2.19,2.32,1.89,1.92,2.97,2.01,1.52,3.24,3.12
2010-12,73.22,74.58,72.42,72.03,75.06,71.67,73.47,76.52,76.48,74.48,71.68,74.49,74.7,75.46,74.56,75.07,75.53,75.76,74.54,75.05,74.81,76.14,0.55,0.75,0.71,0.74,0.61,0.77,0.76,1.26,0.46,0.62,0.68,0.45,0.57,0.66,0.52,0.85,1.95,0.56,0.82,0.5,0.93,0.38,3.25,2.46,3.58,3.38,2.49,3.91,3.23,2.42,2.88,3.38,2.4,3.03,2.69,2.64,2.84,2.44,3.79,3.32,2.93,1.93,4.2,3.45,3.25,2.46,3.58,3.38,2.49,3.91,3.23,2.42,2.88,3.38,2.4,3.03,2.69,2.64,2.84,2.44,3.79,3.32,2.93,1.93,4.2,3.45
2011-01,73.92,75.14,73.15,72.61,75.75,72.56,74.23,77.04,76.9,75.29,72.77,75.25,75.01,75.73,74.97,75.44,75.21,76.31,75.12,75.58,75.44,76.73,0.95,0.75,1.01,0.8,0.92,1.25,1.04,0.68,0.54,1.09,1.52,1.02,0.41,0.36,0.55,0.49,-0.42,0.73,0.77,0.7,0.84,0.78,0.95,0.75,1.01,0.8,0.92,1.25,1.04,0.68,0.54,1.09,1.52,1.02,0.41,0.36,0.55,0.49,-0.42,0.73,0.77,0.7,0.84,0.78,3.48,2.61,3.75,3.68,2.95,4.3,3.89,2.73,2.9,3.52,3.48,3.33,2.52,2.45,2.87,2.47,2.62,3.4,3.32,2.22,4.17,3.47
2011-02,74.41,75.4,73.57,73.04,76.04,73.33,74.58,77.74,77.36,75.58,73.23,75.59,75.81,76.06,75.39,75.88,75.37,76.61,75.25,76.06,75.53,77.34,0.65,0.35,0.58,0.59,0.39,1.06,0.46,0.91,0.6,0.38,0.64,0.45,1.06,0.44,0.55,0.58,0.21,0.39,0.17,0.64,0.11,0.79,1.61,1.1,1.59,1.4,1.31,2.32,1.51,1.6,1.14,1.48,2.17,1.47,1.48,0.8,1.11,1.07,-0.21,1.12,0.94,1.35,0.96,1.58,3.32,2.39,3.37,3.29,2.81,4.17,3.46,2.85,2.87,3.17,3.5,2.87,2.82,2.39,2.76,1.57,1.92,2.82,2.6,1.83,3.28,3.17
2011-03,74.58,75.45,73.77,73.34,76.35,73.56,74.9,78.05,77.53,75.87,73.52,75.94,76.02,76.34,75.67,76.4,75.7,76.82,75.46,76.26,76.06,77.51,0.24,0.06,0.27,0.41,0.4,0.32,0.43,0.41,0.22,0.39,0.39,0.46,0.28,0.36,0.38,0.69,0.43,0.27,0.29,0.26,0.7,0.23,1.85,1.17,1.86,1.82,1.72,2.64,1.95,2.01,1.37,1.87,2.57,1.94,1.76,1.17,1.49,1.77,0.22,1.4,1.23,1.61,1.66,1.81,3.3,2.1,3.55,3.6,2.94,4.07,3.97,2.45,2.7,3.14,3.74,3.06,3.02,2.3,2.73,2.32,2.09,2.77,2.5,1.61,3.69,2.98
2011-04,74.58,75.57,73.84,73.57,76.52,73.71,75.18,78.24,77.48,76.23,73.66,76.23,76.46,76.44,75.76,76.53,75.89,76.85,75.59,76.43,76.34,77.89,0,0.16,0.09,0.31,0.23,0.2,0.37,0.24,-0.06,0.47,0.2,0.38,0.58,0.13,0.11,0.17,0.26,0.04,0.17,0.23,0.37,0.48,1.86,1.33,1.96,2.14,1.95,2.85,2.33,2.25,1.31,2.35,2.77,2.33,2.35,1.3,1.61,1.95,0.48,1.44,1.4,1.84,2.04,2.3,3.01,1.7,3.13,3.08,2.49,3.49,3.59,1.86,2.26,3.01,3.42,2.55,3.21,2.18,2.61,2.15,1.39,1.97,1.97,1.76,2.87,2.97
2011-05,74.83,75.69,74,73.73,76.69,73.92,75.28,78.78,77.8,76.56,73.91,76.51,76.86,76.47,76.04,76.54,75.48,77.1,75.86,76.79,76.5,78.06,0.33,0.16,0.22,0.21,0.22,0.29,0.13,0.69,0.41,0.44,0.34,0.37,0.53,0.04,0.38,0.01,-0.54,0.33,0.36,0.47,0.22,0.22,2.19,1.49,2.18,2.35,2.17,3.15,2.47,2.96,1.72,2.8,3.12,2.71,2.89,1.34,1.99,1.96,-0.06,1.77,1.76,2.32,2.26,2.52,3.11,1.84,3.33,3.3,2.72,3.93,3.46,2.84,2.71,3.43,3.69,2.92,3.37,2.27,2.94,1.9,1.42,2.59,2.5,2.52,3.37,3.05
2011-06,75.13,75.94,74.16,73.86,76.85,74.12,75.36,78.83,78.2,76.9,74.22,76.59,77.46,76.75,76.32,76.69,75.45,77.31,75.85,77.18,76.58,78.2,0.41,0.32,0.22,0.18,0.21,0.26,0.11,0.07,0.52,0.44,0.42,0.11,0.78,0.36,0.36,0.19,-0.05,0.27,-0.01,0.5,0.1,0.19,2.6,1.82,2.41,2.54,2.39,3.41,2.57,3.02,2.25,3.25,3.55,2.82,3.69,1.71,2.36,2.16,-0.11,2.05,1.75,2.83,2.36,2.71,3.41,1.97,3.47,3.31,2.66,4.19,3.38,2.82,3.12,3.78,4.09,2.77,4.13,2.69,3.05,2.32,1.35,2.68,1.95,3.34,3.45,3.14
2011-07,75.21,76.09,74.19,73.97,77,74.28,75.42,79.11,78.21,77.07,74.37,76.57,77.57,77.01,76.5,76.8,75.55,77.68,75.97,77.44,76.96,78.47,0.1,0.2,0.03,0.15,0.2,0.22,0.08,0.36,0.01,0.22,0.2,-0.03,0.14,0.35,0.24,0.14,0.14,0.48,0.17,0.35,0.5,0.35,2.71,2.02,2.44,2.69,2.59,3.64,2.66,3.39,2.26,3.48,3.75,2.79,3.83,2.06,2.6,2.3,0.03,2.54,1.92,3.19,2.87,3.07,3.54,2.27,3.49,3.7,3.1,4.47,3.59,3.11,2.94,3.89,4.29,3,4.43,3.13,3.38,2.68,1.91,3.38,1.73,3.97,4.08,3.42
2011-08,75.06,75.99,74.36,74.04,77.04,74.43,75.52,79.23,78.25,76.96,74.36,76.66,77.51,77.31,76.54,76.9,75.69,77.68,75.96,77.53,77.16,78.51,-0.2,-0.13,0.23,0.1,0.05,0.21,0.13,0.15,0.05,-0.14,0,0.12,-0.08,0.39,0.05,0.14,0.19,0,-0.02,0.11,0.27,0.05,2.51,1.89,2.68,2.79,2.64,3.86,2.79,3.55,2.31,3.34,3.75,2.91,3.75,2.46,2.65,2.44,0.22,2.54,1.9,3.3,3.14,3.12,3.11,2.24,3.6,3.51,3.21,4.55,3.51,4.13,2.76,3.66,4.12,2.92,4.14,3.62,3.52,3.08,2.04,3.19,1.81,4.04,4.1,3.47
2011-09,75.18,76.87,74.54,74.19,77.13,74.65,75.64,79.43,78.53,77.14,74.5,76.68,77.91,77.76,76.71,77.25,75.93,77.82,76.02,77.99,77.39,78.8,0.16,1.17,0.25,0.2,0.11,0.3,0.17,0.25,0.36,0.23,0.18,0.03,0.53,0.58,0.23,0.45,0.31,0.18,0.08,0.6,0.29,0.36,2.67,3.08,2.94,3,2.76,4.17,2.96,3.81,2.68,3.57,3.94,2.94,4.3,3.04,2.88,2.9,0.53,2.72,1.97,3.92,3.45,3.5,3.29,4.16,3.89,3.86,3.39,5.02,3.93,5.1,3.06,4.34,4.45,3.31,4.99,4.08,3.38,3.8,2.51,3.43,2.65,4.7,4.64,3.88
2011-10,75.3,76.79,74.77,74.34,77.07,75.03,75.9,79.85,78.76,77.33,74.49,77.05,78.19,77.44,76.82,77.62,76.34,78.04,76.31,78.3,77.72,79.17,0.15,-0.11,0.3,0.2,-0.08,0.51,0.34,0.53,0.29,0.24,-0.01,0.48,0.36,-0.41,0.14,0.47,0.55,0.29,0.39,0.39,0.43,0.47,2.83,2.96,3.24,3.2,2.68,4.7,3.3,4.36,2.98,3.83,3.92,3.43,4.67,2.62,3.03,3.39,1.08,3.02,2.37,4.33,3.89,3.98,3.55,4.26,4.1,4.19,3.47,5.52,4.3,6.12,3.54,4.71,4.66,4.15,5.67,3.53,3.48,4.41,3.26,3.86,3.48,5.09,5.22,4.42
2011-11,75.38,76.53,74.84,74.94,77.11,75.33,76.2,80.06,78.8,77.43,74.53,77.47,78.36,77.43,76.95,77.72,76.77,78.31,76.74,78.39,78.17,79.33,0.11,-0.33,0.09,0.81,0.06,0.39,0.39,0.27,0.05,0.13,0.06,0.54,0.22,0,0.17,0.13,0.57,0.34,0.56,0.11,0.57,0.2,2.94,2.62,3.34,4.04,2.74,5.1,3.71,4.64,3.03,3.96,3.98,3.99,4.9,2.61,3.21,3.53,1.65,3.37,2.94,4.44,4.48,4.19,3.5,3.39,4.07,4.8,3.37,5.92,4.5,5.95,3.51,4.61,4.69,4.46,5.5,3.29,3.75,4.41,3.63,3.94,3.79,4.96,5.45,4.59
2011-12,75.57,76.96,75.4,75.33,77.34,75.79,76.53,80.34,78.91,77.76,75.01,77.85,78.75,77.28,77.35,77.8,77.46,78.71,77.06,78.28,78.59,79.52,0.26,0.56,0.75,0.52,0.3,0.62,0.45,0.35,0.14,0.44,0.65,0.49,0.49,-0.2,0.51,0.1,0.89,0.52,0.42,-0.13,0.54,0.24,3.21,3.19,4.12,4.58,3.04,5.76,4.17,5,3.18,4.41,4.65,4.5,5.41,2.41,3.74,3.63,2.55,3.9,3.38,4.31,5.05,4.44,3.21,3.19,4.12,4.58,3.04,5.76,4.17,5,3.18,4.41,4.65,4.5,5.41,2.41,3.74,3.63,2.55,3.9,3.38,4.31,5.05,4.44
2012-01,76.25,77.45,75.73,75.93,77.95,76.71,77.11,80.76,79.15,78.2,75.46,78.31,79.28,77.45,77.74,78.11,77.93,79.13,77.43,78.52,78.93,80.11,0.9,0.63,0.44,0.79,0.78,1.2,0.75,0.52,0.3,0.56,0.6,0.6,0.68,0.23,0.51,0.4,0.62,0.53,0.48,0.31,0.43,0.74,0.9,0.63,0.44,0.79,0.78,1.2,0.75,0.52,0.3,0.56,0.6,0.6,0.68,0.23,0.51,0.4,0.62,0.53,0.48,0.31,0.43,0.74,3.15,3.07,3.53,4.56,2.9,5.71,3.87,4.83,2.93,3.86,3.7,4.07,5.69,2.28,3.69,3.54,3.61,3.7,3.08,3.9,4.62,4.4
2012-02,76.85,77.58,76.06,76.41,78.32,77.28,77.71,81.41,79.39,78.79,76.22,78.52,79.5,77.57,78.33,78.35,78.19,79.35,77.75,79.29,79.17,80.39,0.78,0.17,0.44,0.63,0.48,0.74,0.79,0.8,0.3,0.75,1.01,0.26,0.28,0.15,0.76,0.31,0.32,0.27,0.41,0.97,0.31,0.35,1.68,0.81,0.88,1.43,1.26,1.96,1.54,1.32,0.61,1.31,1.61,0.86,0.96,0.38,1.28,0.7,0.94,0.81,0.89,1.28,0.74,1.09,3.28,2.89,3.39,4.61,2.99,5.38,4.21,4.72,2.63,4.24,4.09,3.87,4.87,1.98,3.91,3.26,3.73,3.58,3.32,4.23,4.82,3.94
2012-03,76.96,77.48,76.17,76.62,78.43,77.15,77.9,81.48,79.34,78.55,76.36,78.8,80,77.73,78.38,78.48,78.4,79.62,77.97,79.54,79.46,80.66,0.15,-0.14,0.14,0.28,0.14,-0.16,0.24,0.09,-0.07,-0.29,0.17,0.36,0.62,0.21,0.06,0.17,0.28,0.34,0.28,0.32,0.37,0.34,1.83,0.67,1.03,1.71,1.41,1.8,1.78,1.41,0.54,1.02,1.79,1.23,1.59,0.58,1.34,0.87,1.22,1.15,1.17,1.6,1.11,1.44,3.19,2.69,3.26,4.47,2.73,4.88,4.01,4.39,2.33,3.53,3.86,3.77,5.23,1.82,3.58,2.72,3.58,3.65,3.32,4.3,4.48,4.06
2012-04,76.97,77.47,76.44,76.79,78.52,77.47,78.09,81.62,79.54,78.76,76.4,79.07,80.25,77.93,78.62,78.66,78.29,79.75,78.2,79.73,79.81,80.97,0.02,-0.01,0.36,0.22,0.11,0.41,0.25,0.17,0.26,0.26,0.06,0.33,0.32,0.26,0.3,0.23,-0.15,0.16,0.3,0.25,0.44,0.38,1.85,0.66,1.39,1.93,1.52,2.21,2.04,1.59,0.8,1.28,1.85,1.57,1.91,0.84,1.65,1.1,1.07,1.31,1.48,1.85,1.56,1.82,3.21,2.52,3.53,4.37,2.61,5.11,3.88,4.32,2.66,3.32,3.72,3.72,4.97,1.95,3.78,2.78,3.15,3.77,3.46,4.32,4.55,3.95
2012-05,77.18,78.13,76.48,76.94,78.73,77.82,78.24,81.93,79.94,79.19,76.59,79.36,80.6,78.2,78.66,78.76,78.42,79.95,78.46,80,80.03,81.07,0.27,0.85,0.05,0.2,0.27,0.45,0.18,0.38,0.5,0.55,0.25,0.38,0.43,0.35,0.05,0.13,0.16,0.26,0.33,0.33,0.27,0.12,2.13,1.52,1.44,2.14,1.8,2.67,2.22,1.97,1.31,1.84,2.11,1.95,2.36,1.19,1.7,1.23,1.24,1.57,1.81,2.19,1.83,1.95,3.15,3.22,3.35,4.36,2.66,5.27,3.93,4,2.76,3.43,3.63,3.73,4.87,2.26,3.44,2.9,3.89,3.7,3.43,4.17,4.6,3.85
2012-06,77.32,77.98,76.47,77.05,78.65,77.97,78.51,82.01,79.55,79.18,76.63,79.55,80.26,78.01,78.75,78.46,78.92,80.19,78.91,79.95,80.12,81.05,0.18,-0.19,-0.02,0.14,-0.1,0.19,0.35,0.1,-0.49,-0.01,0.05,0.23,-0.43,-0.25,0.12,-0.39,0.64,0.3,0.58,-0.06,0.11,-0.01,2.31,1.32,1.42,2.28,1.69,2.87,2.58,2.07,0.81,1.82,2.16,2.19,1.92,0.94,1.82,0.84,1.89,1.87,2.4,2.12,1.94,1.93,2.92,2.69,3.11,4.31,2.34,5.2,4.18,4.04,1.72,2.97,3.25,3.86,3.61,1.64,3.19,2.3,4.61,3.72,4.04,3.59,4.62,3.65
2012-07,77.26,77.69,76.73,77.07,78.63,77.98,78.58,81.71,79.51,79.29,76.49,79.53,80.23,77.94,78.69,78.43,79,80.17,79.25,79.93,80.14,81.34,-0.08,-0.38,0.35,0.04,-0.03,0.02,0.09,-0.37,-0.04,0.14,-0.19,-0.03,-0.03,-0.08,-0.08,-0.04,0.1,-0.02,0.43,-0.02,0.03,0.35,2.23,0.94,1.77,2.32,1.67,2.89,2.68,1.7,0.76,1.96,1.97,2.16,1.88,0.86,1.74,0.8,1.99,1.85,2.85,2.1,1.98,2.29,2.72,2.1,3.44,4.2,2.11,4.99,4.2,3.28,1.66,2.88,2.85,3.86,3.43,1.21,2.86,2.12,4.56,3.21,4.32,3.21,4.14,3.65
2012-08,77.18,77.9,76.82,77.24,78.62,78.03,78.68,81.78,79.73,79.26,76.47,79.67,80.5,78.18,78.67,78.61,79.41,80.19,79.35,80.05,80.51,81.21,-0.09,0.28,0.11,0.21,-0.02,0.06,0.12,0.09,0.27,-0.05,-0.02,0.17,0.33,0.31,-0.02,0.24,0.53,0.02,0.12,0.15,0.46,-0.16,2.13,1.22,1.88,2.53,1.65,2.95,2.8,1.79,1.03,1.92,1.94,2.34,2.22,1.17,1.72,1.04,2.53,1.87,2.97,2.25,2.44,2.13,2.83,2.52,3.31,4.31,2.05,4.83,4.19,3.22,1.89,2.98,2.83,3.92,3.86,1.13,2.79,2.23,4.91,3.23,4.46,3.25,4.33,3.43
2012-09,77.36,78.5,77,77.45,78.78,78.2,78.82,81.94,79.74,79.46,76.64,79.79,80.48,78.54,78.88,78.97,79.28,80.38,79.4,80.31,80.51,81.49,0.23,0.77,0.24,0.27,0.21,0.21,0.18,0.19,0.02,0.25,0.22,0.16,-0.02,0.45,0.27,0.45,-0.16,0.23,0.07,0.33,0.01,0.35,2.37,2,2.13,2.81,1.86,3.17,2.99,1.98,1.05,2.18,2.17,2.5,2.2,1.63,1.99,1.5,2.36,2.11,3.04,2.59,2.45,2.48,2.91,2.11,3.3,4.39,2.14,4.74,4.21,3.15,1.54,3,2.87,4.06,3.3,1,2.83,2.23,4.42,3.29,4.45,2.97,4.03,3.42
2012-10,77.57,78.43,77.09,77.5,78.79,78.31,78.85,82.08,80.03,79.62,76.64,79.84,80.84,78.57,79.13,79.28,79.13,80.48,79.35,80.58,80.45,81.73,0.26,-0.09,0.11,0.07,0.02,0.15,0.03,0.17,0.36,0.21,0.01,0.06,0.44,0.05,0.31,0.4,-0.2,0.14,-0.06,0.34,-0.08,0.29,2.64,1.91,2.24,2.88,1.88,3.32,3.03,2.16,1.42,2.39,2.17,2.56,2.66,1.68,2.31,1.91,2.16,2.25,2.97,2.94,2.37,2.78,3.02,2.14,3.1,4.25,2.24,4.37,3.89,2.79,1.61,2.96,2.89,3.62,3.38,1.47,3.01,2.15,3.65,3.13,3.98,2.92,3.5,3.24
2012-11,77.44,78.14,76.99,77.6,78.8,78.27,78.8,82.04,79.85,79.59,76.76,79.75,80.6,78.44,78.97,79.26,79.16,80.53,79.23,80.12,80.56,81.68,-0.16,-0.37,-0.12,0.12,0.01,-0.05,-0.07,-0.04,-0.23,-0.04,0.15,-0.11,-0.29,-0.17,-0.21,-0.03,0.04,0.06,-0.15,-0.57,0.14,-0.06,2.47,1.53,2.11,3.01,1.89,3.27,2.95,2.12,1.19,2.34,2.33,2.45,2.36,1.5,2.09,1.88,2.19,2.31,2.82,2.34,2.51,2.72,2.74,2.1,2.88,3.54,2.19,3.91,3.41,2.47,1.33,2.79,3,2.95,2.86,1.3,2.62,1.99,3.1,2.84,3.25,2.21,3.07,2.97
2012-12,77.41,78.42,77.28,77.61,78.82,78.43,78.82,81.96,79.85,79.58,76.84,79.71,80.65,78.58,79.04,79.32,79.05,80.54,79.15,79.98,80.57,81.73,-0.04,0.36,0.37,0.01,0.03,0.2,0.03,-0.11,0,-0.01,0.1,-0.04,0.06,0.18,0.09,0.07,-0.13,0,-0.1,-0.18,0.01,0.06,2.43,1.89,2.49,3.02,1.92,3.48,2.98,2.01,1.19,2.33,2.43,2.4,2.42,1.68,2.19,1.95,2.06,2.32,2.71,2.16,2.53,2.78,2.43,1.89,2.49,3.02,1.92,3.48,2.98,2.01,1.19,2.33,2.43,2.4,2.42,1.68,2.19,1.95,2.06,2.32,2.71,2.16,2.53,2.78
2013-01,77.66,78.89,77.36,77.83,78.99,78.7,78.94,82.08,80.05,79.83,77.37,79.98,80.74,78.58,79.26,79.36,79.23,80.9,79.27,80.1,80.69,81.97,0.32,0.6,0.1,0.3,0.22,0.34,0.16,0.15,0.25,0.31,0.69,0.34,0.11,0,0.27,0.05,0.23,0.45,0.15,0.15,0.15,0.3,0.32,0.6,0.1,0.3,0.22,0.34,0.16,0.15,0.25,0.31,0.69,0.34,0.11,0,0.27,0.05,0.23,0.45,0.15,0.15,0.15,0.3,1.85,1.86,2.15,2.51,1.35,2.6,2.38,1.64,1.13,2.08,2.53,2.13,1.85,1.45,1.95,1.61,1.66,2.23,2.38,2,2.24,2.33
2013-02,78.16,78.78,77.59,78.32,79.15,79.34,79.4,82.06,80.2,80.17,77.63,80.3,81.21,78.66,79.49,79.52,79.56,81.09,79.43,80.49,80.97,82.36,0.65,-0.14,0.3,0.63,0.19,0.81,0.58,-0.03,0.19,0.43,0.34,0.4,0.58,0.1,0.3,0.19,0.41,0.24,0.2,0.49,0.34,0.47,0.97,0.46,0.4,0.92,0.41,1.15,0.74,0.12,0.44,0.75,1.03,0.74,0.69,0.1,0.57,0.25,0.64,0.68,0.36,0.64,0.49,0.77,1.72,1.54,2,2.51,1.06,2.67,2.17,0.8,1.02,1.76,1.84,2.28,2.15,1.4,1.48,1.49,1.76,2.19,2.17,1.52,2.27,2.45
2013-03,78.37,78.65,77.76,78.43,79.39,79.45,79.62,82.14,80.57,80.43,77.68,80.57,81.5,78.79,79.77,79.79,79.75,81.33,79.8,80.77,81.22,82.69,0.26,-0.16,0.23,0.13,0.31,0.14,0.27,0.1,0.46,0.32,0.07,0.33,0.37,0.17,0.35,0.35,0.24,0.29,0.46,0.35,0.31,0.4,1.23,0.3,0.63,1.06,0.72,1.3,1.02,0.22,0.9,1.07,1.09,1.07,1.05,0.27,0.92,0.6,0.88,0.98,0.81,0.99,0.8,1.18,1.83,1.52,2.09,2.36,1.23,2.97,2.21,0.82,1.55,2.38,1.73,2.24,1.89,1.36,1.77,1.68,1.72,2.15,2.35,1.55,2.21,2.51
2013-04,78.58,79.03,77.83,78.65,79.38,79.78,79.74,82.6,80.52,80.57,77.8,80.8,81.46,78.57,79.88,79.69,80.7,81.44,80.06,80.84,81.57,83.11,0.27,0.48,0.09,0.29,-0.01,0.41,0.16,0.56,-0.06,0.18,0.16,0.28,-0.06,-0.27,0.14,-0.13,1.19,0.14,0.33,0.08,0.43,0.51,1.51,0.78,0.72,1.35,0.71,1.71,1.18,0.79,0.84,1.25,1.26,1.36,1,0,1.06,0.46,2.08,1.12,1.15,1.07,1.24,1.69,2.09,2.02,1.81,2.43,1.11,2.97,2.12,1.2,1.23,2.3,1.84,2.19,1.5,0.83,1.6,1.31,3.08,2.12,2.38,1.38,2.2,2.65
2013-05,78.8,79.64,78.01,78.65,79.56,80.05,79.77,82.71,80.65,80.73,77.84,80.86,81.77,78.86,79.88,79.77,81.27,81.45,80.18,81.32,81.56,83.25,0.28,0.77,0.23,-0.01,0.22,0.34,0.04,0.14,0.16,0.2,0.05,0.07,0.38,0.36,0,0.1,0.71,0.02,0.16,0.6,-0.02,0.16,1.79,1.56,0.95,1.34,0.93,2.06,1.22,0.92,0.99,1.46,1.31,1.43,1.38,0.36,1.06,0.56,2.81,1.14,1.31,1.68,1.22,1.86,2.09,1.93,2,2.22,1.05,2.86,1.97,0.96,0.88,1.95,1.63,1.88,1.45,0.84,1.55,1.27,3.64,1.88,2.2,1.66,1.91,2.69
2013-06,79.16,79.53,78.19,78.7,79.62,80.15,79.85,82.7,80.47,80.75,77.89,80.9,81.83,78.83,79.93,79.78,81.84,81.32,80.36,81.5,81.58,83.29,0.46,-0.15,0.22,0.07,0.07,0.13,0.09,-0.02,-0.22,0.02,0.06,0.06,0.08,-0.03,0.06,0.02,0.7,-0.16,0.22,0.22,0.02,0.05,2.26,1.41,1.18,1.42,1,2.19,1.31,0.91,0.77,1.48,1.37,1.49,1.46,0.33,1.12,0.58,3.53,0.98,1.53,1.91,1.24,1.91,2.38,1.98,2.25,2.15,1.23,2.8,1.7,0.84,1.16,1.98,1.64,1.7,1.96,1.06,1.49,1.69,3.7,1.41,1.83,1.95,1.82,2.76
2013-07,79.23,79.16,78.38,78.69,79.67,80.21,79.92,82.53,80.68,80.89,78.03,80.98,82.14,79.08,79.94,79.73,82.05,81.33,80.47,81.52,81.52,83.27,0.09,-0.46,0.25,-0.02,0.07,0.07,0.09,-0.2,0.26,0.17,0.18,0.1,0.38,0.31,0.02,-0.06,0.26,0.01,0.14,0.02,-0.06,-0.03,2.35,0.95,1.43,1.4,1.07,2.26,1.4,0.7,1.03,1.65,1.56,1.59,1.85,0.64,1.14,0.51,3.79,0.99,1.67,1.92,1.18,1.88,2.55,1.9,2.14,2.1,1.33,2.85,1.7,1.01,1.47,2.01,2.02,1.83,2.38,1.46,1.59,1.66,3.86,1.45,1.54,1.99,1.73,2.38
2013-08,79.22,79.47,78.45,78.75,79.8,80.26,80.1,82.4,81.01,80.93,78.05,81.16,82.04,79.5,79.86,79.97,81.79,81.88,80.37,81.43,81.63,83.49,-0.01,0.39,0.1,0.08,0.16,0.07,0.22,-0.16,0.41,0.05,0.02,0.22,-0.12,0.53,-0.11,0.3,-0.32,0.68,-0.12,-0.1,0.13,0.27,2.33,1.34,1.52,1.48,1.23,2.33,1.62,0.54,1.45,1.71,1.57,1.82,1.72,1.18,1.03,0.81,3.46,1.67,1.55,1.82,1.32,2.16,2.64,2.02,2.13,1.96,1.5,2.86,1.8,0.76,1.61,2.12,2.06,1.88,1.92,1.69,1.5,1.72,2.99,2.11,1.29,1.73,1.4,2.81
2013-09,79.53,80.11,78.52,78.9,79.81,80.35,80.21,82.48,81.31,80.77,78.21,81.12,82.18,79.44,80.04,80.14,82.47,81.99,80.16,81.5,81.69,83.58,0.39,0.8,0.08,0.18,0.02,0.11,0.14,0.1,0.37,-0.21,0.21,-0.05,0.16,-0.07,0.22,0.22,0.83,0.13,-0.26,0.08,0.07,0.11,2.73,2.16,1.61,1.66,1.25,2.44,1.77,0.64,1.83,1.5,1.79,1.77,1.89,1.1,1.26,1.04,4.32,1.8,1.28,1.9,1.38,2.27,2.79,2.05,1.97,1.87,1.31,2.75,1.76,0.67,1.97,1.65,2.06,1.67,2.1,1.16,1.46,1.48,4.02,2.01,0.96,1.48,1.46,2.56
2013-10,79.3,79.55,78.54,78.75,79.71,80.2,80.01,82.42,80.9,80.56,78.18,80.72,81.78,79.16,79.96,79.9,81.98,81.81,79.92,81.31,81.48,83.18,-0.28,-0.7,0.03,-0.19,-0.12,-0.19,-0.24,-0.08,-0.51,-0.25,-0.05,-0.5,-0.48,-0.35,-0.1,-0.3,-0.59,-0.22,-0.31,-0.23,-0.26,-0.48,2.44,1.44,1.64,1.47,1.12,2.25,1.52,0.56,1.31,1.24,1.74,1.26,1.4,0.74,1.16,0.73,3.71,1.58,0.97,1.67,1.12,1.78,2.23,1.42,1.89,1.61,1.16,2.41,1.47,0.41,1.08,1.18,2,1.1,1.17,0.75,1.04,0.78,3.61,1.65,0.72,0.91,1.28,1.78
2013-11,79.07,79.25,78.48,78.71,79.63,80.03,79.89,82.04,80.76,80.48,78.03,80.62,81.89,79.23,79.94,79.84,81.82,81.73,79.78,81.11,81.34,83.11,-0.29,-0.38,-0.08,-0.05,-0.1,-0.21,-0.16,-0.46,-0.17,-0.1,-0.19,-0.12,0.12,0.09,-0.02,-0.08,-0.19,-0.1,-0.17,-0.25,-0.17,-0.09,2.14,1.06,1.56,1.43,1.02,2.04,1.36,0.1,1.14,1.14,1.55,1.13,1.53,0.83,1.14,0.65,3.5,1.49,0.8,1.42,0.95,1.69,2.1,1.41,1.93,1.44,1.05,2.24,1.38,-0.01,1.14,1.13,1.65,1.09,1.59,1.01,1.23,0.73,3.37,1.49,0.7,1.24,0.96,1.75
2013-12,79.3,79.78,78.65,78.8,79.75,80.06,80.05,81.98,80.82,80.64,78.16,80.75,81.92,79.38,79.98,79.99,81.97,81.84,80.05,81.2,81.36,83.43,0.29,0.68,0.22,0.12,0.15,0.04,0.2,-0.07,0.07,0.2,0.17,0.17,0.04,0.18,0.06,0.19,0.19,0.13,0.34,0.11,0.02,0.39,2.43,1.74,1.78,1.54,1.18,2.08,1.57,0.03,1.21,1.34,1.72,1.3,1.57,1.02,1.19,0.85,3.7,1.61,1.14,1.53,0.97,2.08,2.43,1.74,1.78,1.54,1.18,2.08,1.57,0.03,1.21,1.34,1.72,1.3,1.57,1.02,1.19,0.85,3.7,1.61,1.14,1.53,0.97,2.08
2014-01,79.73,80.2,78.94,79.16,80.1,80.77,80.42,82.16,81.11,80.97,78.61,81.17,82.4,79.61,80.12,80.37,82.29,82.14,80.38,81.47,81.6,83.79,0.54,0.52,0.36,0.45,0.44,0.88,0.47,0.21,0.36,0.41,0.57,0.52,0.58,0.29,0.17,0.47,0.38,0.37,0.41,0.34,0.3,0.44,0.54,0.52,0.36,0.45,0.44,0.88,0.47,0.21,0.36,0.41,0.57,0.52,0.58,0.29,0.17,0.47,0.38,0.37,0.41,0.34,0.3,0.44,2.66,1.66,2.04,1.7,1.4,2.63,1.88,0.09,1.33,1.44,1.6,1.48,2.05,1.31,1.09,1.27,3.86,1.54,1.4,1.72,1.13,2.22
2014-02,80.38,80.51,79.19,79.66,80.55,81.44,80.96,82.54,81.69,81.63,79.06,81.6,82.85,80.05,80.58,80.76,83.09,82.47,80.73,82.1,82.06,84.02,0.82,0.39,0.32,0.64,0.56,0.83,0.67,0.47,0.71,0.81,0.58,0.53,0.55,0.56,0.57,0.48,0.97,0.4,0.44,0.77,0.56,0.27,1.36,0.92,0.68,1.09,1,1.72,1.14,0.68,1.07,1.23,1.16,1.05,1.14,0.85,0.74,0.96,1.36,0.77,0.85,1.11,0.86,0.71,2.83,2.2,2.07,1.71,1.77,2.65,1.96,0.59,1.85,1.83,1.85,1.62,2.03,1.78,1.37,1.56,4.43,1.7,1.64,2,1.35,2.02
2014-03,80.65,80.9,79.6,80.01,80.81,81.73,81.19,82.61,81.85,82.02,79.38,81.91,83.24,80.44,81.02,81.12,83.32,82.79,80.99,82.59,82.35,84.37,0.34,0.48,0.52,0.44,0.33,0.36,0.28,0.08,0.2,0.47,0.39,0.37,0.47,0.49,0.55,0.44,0.28,0.39,0.32,0.6,0.35,0.41,1.71,1.4,1.21,1.54,1.33,2.09,1.42,0.76,1.28,1.7,1.56,1.43,1.61,1.35,1.29,1.4,1.64,1.17,1.18,1.71,1.21,1.13,2.91,2.85,2.36,2.03,1.78,2.87,1.97,0.57,1.59,1.98,2.18,1.66,2.13,2.1,1.56,1.65,4.47,1.81,1.5,2.25,1.39,2.03
2014-04,80.98,81.34,79.81,80.46,81.36,82.14,81.75,83.18,82.15,82.48,79.59,82.45,83.75,80.67,81.31,81.41,83.84,83.45,81.64,83.17,83.28,85.06,0.41,0.55,0.26,0.56,0.68,0.5,0.69,0.69,0.36,0.57,0.28,0.67,0.61,0.28,0.36,0.37,0.62,0.79,0.79,0.7,1.13,0.82,2.13,1.95,1.47,2.11,2.01,2.6,2.12,1.46,1.65,2.28,1.84,2.1,2.23,1.63,1.66,1.77,2.27,1.97,1.98,2.42,2.36,1.96,3.06,2.92,2.54,2.3,2.48,2.97,2.51,0.69,2.02,2.37,2.3,2.05,2.81,2.67,1.79,2.16,3.89,2.47,1.97,2.88,2.09,2.35
2014-05,81.43,81.64,80.16,80.78,81.54,82.6,82.05,83.72,82.71,82.83,79.95,82.82,84.34,81.15,81.68,81.85,84.09,83.7,81.86,83.48,83.6,85.46,0.55,0.36,0.44,0.4,0.23,0.55,0.37,0.66,0.68,0.43,0.44,0.44,0.71,0.6,0.45,0.54,0.3,0.31,0.28,0.38,0.39,0.47,2.69,2.32,1.92,2.51,2.25,3.17,2.5,2.13,2.34,2.72,2.29,2.56,2.96,2.24,2.12,2.33,2.58,2.28,2.26,2.81,2.76,2.44,3.34,2.5,2.75,2.72,2.5,3.19,2.85,1.22,2.56,2.6,2.71,2.43,3.15,2.91,2.25,2.62,3.47,2.77,2.09,2.66,2.51,2.66
2014-06,81.47,81.68,80.26,81.09,81.65,82.51,82.34,83.46,82.61,83.09,80.02,82.95,84.3,81.26,81.7,81.97,84.32,83.99,82.08,83.72,84.16,85.5,0.05,0.06,0.13,0.38,0.13,-0.11,0.35,-0.32,-0.12,0.31,0.09,0.16,-0.05,0.13,0.03,0.14,0.27,0.34,0.26,0.29,0.66,0.05,2.74,2.38,2.05,2.91,2.38,3.05,2.86,1.8,2.22,3.04,2.39,2.72,2.9,2.37,2.15,2.47,2.86,2.63,2.53,3.11,3.44,2.49,2.92,2.71,2.66,3.04,2.55,2.94,3.12,0.91,2.66,2.89,2.74,2.53,3.01,3.08,2.22,2.74,3.03,3.27,2.14,2.72,3.16,2.66
2014-07,81.55,81.78,80.39,81.16,81.83,82.79,82.45,83.7,83.15,83.34,80.14,83.09,84.84,81.58,82.01,82.25,84.44,84,82.32,83.78,84.26,85.67,0.09,0.12,0.16,0.08,0.22,0.34,0.14,0.29,0.65,0.3,0.15,0.17,0.65,0.39,0.37,0.34,0.14,0.02,0.29,0.07,0.13,0.2,2.84,2.5,2.21,2.99,2.6,3.4,3,2.09,2.89,3.35,2.54,2.89,3.57,2.78,2.53,2.82,3.01,2.65,2.83,3.18,3.57,2.69,2.93,3.31,2.57,3.14,2.71,3.22,3.17,1.41,3.07,3.03,2.7,2.6,3.29,3.16,2.58,3.16,2.91,3.29,2.29,2.78,3.36,2.89
2014-08,81.67,82.16,80.64,81.2,82.01,82.96,82.57,83.74,83.44,83.45,80.26,83.26,84.79,81.81,82.21,82.39,84.52,84.1,82.46,83.67,84.56,85.73,0.15,0.46,0.31,0.05,0.23,0.21,0.14,0.05,0.34,0.13,0.15,0.21,-0.06,0.28,0.25,0.18,0.1,0.11,0.17,-0.13,0.36,0.07,2.99,2.97,2.53,3.04,2.84,3.62,3.15,2.14,3.24,3.48,2.69,3.1,3.51,3.06,2.79,3,3.11,2.76,3,3.04,3.94,2.76,3.09,3.38,2.79,3.11,2.78,3.36,3.09,1.62,2.99,3.11,2.83,2.58,3.35,2.9,2.95,3.03,3.34,2.7,2.59,2.75,3.59,2.68
2014-09,81.78,82.47,80.79,81.2,82.17,83.1,82.54,84.1,83.24,83.47,80.15,83.38,84.67,81.99,82.18,82.5,84.36,84.01,82.36,83.63,84.42,85.68,0.13,0.38,0.18,-0.01,0.19,0.16,-0.04,0.43,-0.24,0.03,-0.14,0.15,-0.14,0.22,-0.04,0.13,-0.19,-0.1,-0.12,-0.04,-0.17,-0.06,3.13,3.36,2.71,3.04,3.03,3.79,3.11,2.58,2.99,3.51,2.55,3.26,3.36,3.29,2.75,3.14,2.91,2.66,2.88,3,3.77,2.71,2.83,2.94,2.89,2.91,2.95,3.42,2.9,1.96,2.37,3.35,2.48,2.79,3.03,3.2,2.68,2.94,2.29,2.47,2.74,2.62,3.35,2.51
2014-10,81.94,82.58,80.94,81.29,82.13,83.25,82.68,84.45,83.28,83.33,80.34,83.4,84.71,82.19,82.13,82.63,84.44,84.1,82.47,83.73,84.51,85.7,0.19,0.14,0.19,0.11,-0.04,0.19,0.17,0.42,0.05,-0.16,0.24,0.02,0.04,0.25,-0.06,0.16,0.1,0.11,0.13,0.12,0.1,0.02,3.33,3.5,2.91,3.15,2.99,3.98,3.28,3.01,3.04,3.34,2.8,3.28,3.4,3.54,2.68,3.3,3.01,2.77,3.02,3.12,3.87,2.73,3.33,3.81,3.05,3.22,3.04,3.81,3.33,2.46,2.94,3.44,2.77,3.33,3.57,3.82,2.72,3.42,3,2.8,3.19,2.97,3.72,3.03
2014-11,82.07,82.61,81.1,81.34,82.32,83.32,82.67,84.41,83.44,83.55,80.51,83.46,84.76,82.22,82.18,82.59,84.88,84.24,82.59,83.89,84.68,85.88,0.15,0.04,0.2,0.07,0.22,0.08,-0.01,-0.04,0.19,0.27,0.21,0.07,0.06,0.04,0.06,-0.05,0.52,0.17,0.14,0.18,0.2,0.21,3.49,3.54,3.12,3.22,3.22,4.07,3.28,2.97,3.24,3.61,3.01,3.35,3.47,3.59,2.75,3.25,3.54,2.94,3.16,3.31,4.08,2.94,3.79,4.24,3.34,3.34,3.38,4.11,3.49,2.89,3.32,3.82,3.18,3.53,3.51,3.78,2.81,3.45,3.73,3.07,3.51,3.42,4.1,3.34
2014-12,82.29,82.81,81.36,81.5,82.45,83.52,82.88,84.34,83.54,83.96,80.74,83.78,85.02,82.55,82.48,82.77,84.87,84.61,82.86,84.12,84.85,86.18,0.27,0.24,0.31,0.19,0.16,0.24,0.26,-0.09,0.12,0.49,0.28,0.38,0.31,0.4,0.37,0.21,-0.01,0.43,0.33,0.28,0.2,0.35,3.77,3.79,3.44,3.42,3.39,4.32,3.54,2.87,3.36,4.12,3.3,3.74,3.79,4,3.12,3.47,3.53,3.39,3.51,3.6,4.29,3.3,3.77,3.79,3.44,3.42,3.39,4.32,3.54,2.87,3.36,4.12,3.3,3.74,3.79,4,3.12,3.47,3.53,3.39,3.51,3.6,4.29,3.3
2015-01,82.61,83.76,82.19,81.9,83.08,84.21,83.54,84.67,84.2,84.5,81.4,84.34,85.78,82.97,82.87,83.19,85.14,84.98,83.7,84.64,85.13,86.62,0.4,1.16,1.03,0.5,0.76,0.83,0.79,0.4,0.79,0.64,0.82,0.66,0.89,0.51,0.47,0.52,0.32,0.45,1.01,0.62,0.34,0.51,0.4,1.16,1.03,0.5,0.76,0.83,0.79,0.4,0.79,0.64,0.82,0.66,0.89,0.51,0.47,0.52,0.32,0.45,1.01,0.62,0.34,0.51,3.62,4.44,4.13,3.46,3.72,4.27,3.87,3.06,3.8,4.35,3.55,3.9,4.11,4.23,3.43,3.51,3.47,3.47,4.13,3.89,4.33,3.37
2015-02,83.73,84.5,82.86,82.89,84.05,85.05,84.59,85.35,84.99,85.26,82.39,85.46,86.64,83.86,84.27,83.93,86.17,85.83,84.61,85.75,85.94,87.6,1.36,0.88,0.81,1.21,1.16,1,1.26,0.8,0.94,0.91,1.23,1.33,1.01,1.06,1.68,0.89,1.21,1,1.1,1.31,0.94,1.13,1.76,2.04,1.85,1.71,1.93,1.84,2.06,1.2,1.74,1.55,2.05,2,1.91,1.58,2.16,1.41,1.53,1.45,2.12,1.94,1.28,1.65,4.17,4.95,4.63,4.05,4.35,4.44,4.49,3.4,4.04,4.45,4.21,4.72,4.57,4.75,4.58,3.93,3.71,4.08,4.81,4.45,4.73,4.26
2015-03,84.12,85.01,83.42,83.67,84.52,85.52,85.24,85.87,85.29,85.89,83.12,85.89,86.96,84.45,84.64,84.71,86.78,86.54,85.39,86.29,86.72,87.98,0.47,0.61,0.68,0.95,0.57,0.55,0.77,0.6,0.35,0.73,0.88,0.51,0.37,0.71,0.44,0.92,0.7,0.82,0.91,0.63,0.91,0.44,2.23,2.66,2.54,2.67,2.51,2.4,2.85,1.82,2.1,2.29,2.95,2.52,2.28,2.3,2.61,2.35,2.25,2.28,3.05,2.58,2.21,2.09,4.3,5.08,4.8,4.57,4.6,4.64,4.99,3.95,4.2,4.72,4.72,4.87,4.47,4.98,4.46,4.43,4.16,4.52,5.42,4.48,5.31,4.28
2015-04,84.67,85.11,83.79,84.43,84.82,85.9,85.85,86.33,85.79,86.11,83.69,86.4,87.29,84.62,85.16,84.92,87.31,87,85.9,86.57,87.35,88.33,0.65,0.11,0.44,0.9,0.36,0.44,0.72,0.54,0.59,0.25,0.69,0.6,0.38,0.2,0.62,0.24,0.61,0.54,0.6,0.33,0.72,0.4,2.9,2.78,2.99,3.59,2.88,2.85,3.58,2.36,2.7,2.55,3.66,3.13,2.67,2.51,3.25,2.6,2.87,2.83,3.67,2.92,2.95,2.5,4.55,4.63,4.99,4.92,4.26,4.57,5.02,3.8,4.43,4.39,5.15,4.79,4.23,4.89,4.73,4.3,4.14,4.26,5.22,4.1,4.88,3.84
2015-05,85.01,84.82,83.9,84.99,84.98,86,86.29,86.5,85.98,86.31,83.98,86.84,87.36,84.94,85.31,85.4,87.71,87.42,86.16,86.54,87.95,88.44,0.4,-0.34,0.13,0.67,0.19,0.11,0.52,0.19,0.22,0.24,0.34,0.51,0.08,0.37,0.18,0.57,0.46,0.48,0.3,-0.04,0.69,0.12,3.31,2.43,3.13,4.29,3.07,2.97,4.12,2.56,2.93,2.8,4.01,3.65,2.76,2.89,3.43,3.19,3.34,3.32,3.98,2.88,3.66,2.62,4.39,3.9,4.67,5.21,4.22,4.11,5.17,3.31,3.96,4.2,5.04,4.85,3.59,4.66,4.45,4.33,4.3,4.44,5.24,3.66,5.2,3.49
2015-06,85.01,85.16,84.15,85.04,85.17,86.05,86.21,86.43,86.28,86.51,84.24,86.77,87.77,84.95,85.28,85.23,87.28,87.32,86.2,86.65,87.76,88.51,0,0.4,0.3,0.07,0.23,0.06,-0.09,-0.08,0.34,0.23,0.31,-0.08,0.46,0.01,-0.04,-0.21,-0.49,-0.12,0.05,0.13,-0.22,0.08,3.31,2.84,3.44,4.35,3.3,3.03,4.02,2.48,3.28,3.04,4.34,3.58,3.23,2.9,3.39,2.97,2.84,3.2,4.03,3.01,3.44,2.7,4.34,4.26,4.85,4.87,4.32,4.29,4.71,3.56,4.44,4.12,5.27,4.61,4.12,4.53,4.38,3.98,3.51,3.96,5.02,3.49,4.29,3.51
2015-07,85.17,85.07,84.25,85.3,85.58,86.3,86.39,86.74,86.8,86.63,84.5,87.02,87.88,85.08,85.78,85.8,87.37,87.7,86.64,86.68,87.99,88.74,0.18,-0.1,0.12,0.3,0.48,0.3,0.2,0.36,0.61,0.13,0.31,0.28,0.13,0.16,0.58,0.68,0.1,0.44,0.51,0.03,0.26,0.26,3.5,2.74,3.56,4.66,3.8,3.33,4.23,2.85,3.91,3.17,4.66,3.87,3.37,3.07,3.99,3.67,2.94,3.65,4.56,3.04,3.71,2.97,4.44,4.03,4.8,5.1,4.59,4.25,4.78,3.64,4.39,3.95,5.44,4.74,3.58,4.29,4.6,4.32,3.47,4.4,5.25,3.46,4.42,3.58
2015-08,85.54,85.8,84.7,85.5,86.05,86.74,86.65,87.03,86.95,87.22,84.83,87.38,88.31,85.64,86.05,86.09,87.62,87.98,87.02,86.86,88.3,89.07,0.44,0.85,0.54,0.24,0.54,0.5,0.31,0.33,0.18,0.69,0.39,0.42,0.48,0.66,0.31,0.33,0.3,0.32,0.45,0.21,0.35,0.38,3.96,3.61,4.12,4.92,4.36,3.85,4.55,3.19,4.09,3.88,5.07,4.3,3.86,3.75,4.32,4.01,3.24,3.98,5.03,3.26,4.07,3.36,4.74,4.43,5.04,5.3,4.92,4.55,4.95,3.93,4.22,4.53,5.7,4.95,4.15,4.69,4.66,4.48,3.67,4.62,5.54,3.82,4.42,3.9
2015-09,86.2,86.49,85.2,86.07,86.52,87.12,87.45,87.96,87.55,87.77,85.43,88.02,88.74,86.53,86.51,86.59,88.44,88.36,87.89,87.22,88.85,89.67,0.77,0.8,0.59,0.66,0.54,0.44,0.92,1.07,0.69,0.62,0.71,0.73,0.49,1.04,0.54,0.59,0.93,0.43,1,0.41,0.63,0.67,4.76,4.45,4.73,5.61,4.93,4.31,5.51,4.29,4.81,4.53,5.81,5.06,4.38,4.82,4.89,4.63,4.21,4.43,6.08,3.69,4.72,4.05,5.4,4.88,5.47,6,5.29,4.84,5.96,4.59,5.18,5.15,6.59,5.56,4.81,5.55,5.27,4.96,4.84,5.17,6.72,4.29,5.25,4.66
2015-10,86.73,87.28,85.79,86.62,87.15,87.71,87.94,88.27,88.24,88.63,86.03,88.33,89.63,87.33,87.1,87.29,89.61,88.94,88.31,87.96,89.54,90.49,0.62,0.92,0.69,0.64,0.73,0.68,0.55,0.35,0.79,0.98,0.7,0.36,1.01,0.92,0.68,0.81,1.32,0.66,0.47,0.84,0.77,0.91,5.4,5.4,5.45,6.29,5.7,5.02,6.1,4.66,5.63,5.56,6.56,5.44,5.42,5.79,5.6,5.47,5.58,5.12,6.57,4.56,5.52,5,5.85,5.69,5.99,6.56,6.11,5.36,6.36,4.53,5.97,6.36,7.08,5.92,5.81,6.26,6.05,5.64,6.12,5.76,7.08,5.05,5.95,5.58
2015-11,87.28,87.6,86.28,87.24,87.6,88.15,88.48,88.74,88.76,89.21,86.62,88.89,90.51,87.81,87.79,87.78,90.49,89.63,88.92,88.39,90.05,91.16,0.64,0.37,0.56,0.72,0.52,0.5,0.62,0.54,0.58,0.66,0.68,0.62,0.98,0.55,0.8,0.56,0.98,0.78,0.69,0.49,0.57,0.75,6.08,5.79,6.05,7.05,6.24,5.55,6.75,5.22,6.25,6.25,7.28,6.1,6.45,6.38,6.44,6.06,6.62,5.94,7.31,5.08,6.13,5.78,6.36,6.04,6.38,7.25,6.42,5.8,7.03,5.13,6.37,6.77,7.59,6.5,6.78,6.8,6.83,6.29,6.61,6.4,7.67,5.37,6.35,6.15
2015-12,87.74,88.48,86.91,87.73,88.18,88.55,89.02,89.04,89.22,89.61,87.17,89.46,91.14,88.81,88.15,88.46,90.91,90.28,89.3,89.23,90.58,91.83,0.52,1,0.73,0.56,0.67,0.45,0.6,0.34,0.52,0.45,0.64,0.64,0.7,1.13,0.4,0.77,0.47,0.72,0.43,0.95,0.59,0.73,6.62,6.85,6.82,7.65,6.95,6.02,7.4,5.58,6.8,6.73,7.97,6.78,7.2,7.58,6.87,6.88,7.11,6.7,7.78,6.07,6.76,6.56,6.62,6.85,6.82,7.65,6.95,6.02,7.4,5.58,6.8,6.73,7.97,6.78,7.2,7.58,6.87,6.88,7.11,6.7,7.78,6.07,6.76,6.56
2016-01,88.81,89.83,88.06,88.58,88.73,90.01,89.81,90.9,90.63,90.91,88.54,90.61,92.43,89.99,89.16,89.88,91.67,91.49,90.48,90.2,91.61,92.89,1.22,1.53,1.32,0.96,0.62,1.65,0.89,2.09,1.59,1.45,1.57,1.29,1.41,1.33,1.15,1.61,0.83,1.34,1.32,1.09,1.14,1.15,1.22,1.53,1.32,0.96,0.62,1.65,0.89,2.09,1.59,1.45,1.57,1.29,1.41,1.33,1.15,1.61,0.83,1.34,1.32,1.09,1.14,1.15,7.5,7.25,7.13,8.15,6.8,6.88,7.51,7.36,7.65,7.59,8.78,7.44,7.75,8.45,7.59,8.04,7.67,7.65,8.11,6.57,7.61,7.24
2016-02,90.16,90.72,88.9,89.93,90.61,90.82,90.9,91.46,91.45,91.85,89.66,91.83,93.37,91.08,90.34,90.8,92.9,92.54,91.59,91.46,92.73,93.95,1.52,0.99,0.96,1.53,2.11,0.9,1.21,0.62,0.9,1.03,1.27,1.34,1.02,1.22,1.31,1.02,1.34,1.15,1.22,1.4,1.22,1.14,2.76,2.53,2.29,2.5,2.75,2.56,2.11,2.72,2.5,2.49,2.86,2.65,2.44,2.56,2.48,2.65,2.19,2.5,2.56,2.51,2.37,2.31,7.68,7.37,7.29,8.49,7.81,6.78,7.45,7.16,7.6,7.72,8.82,7.45,7.77,8.62,7.2,8.18,7.81,7.81,8.25,6.67,7.91,7.25
2016-03,91.08,91.65,89.76,90.75,90.82,91.39,91.86,92.22,92.3,92.54,90.37,92.57,94.12,91.94,90.96,91.67,93.64,93.25,92.42,92.42,93.48,94.64,1.02,1.02,0.97,0.91,0.23,0.62,1.06,0.83,0.93,0.75,0.79,0.81,0.8,0.94,0.69,0.96,0.79,0.77,0.9,1.04,0.81,0.73,3.81,3.58,3.28,3.44,2.99,3.2,3.2,3.56,3.45,3.27,3.67,3.47,3.26,3.53,3.19,3.63,3,3.29,3.49,3.58,3.2,3.06,8.27,7.81,7.6,8.46,7.45,6.86,7.77,7.39,8.22,7.75,8.73,7.77,8.23,8.87,7.47,8.22,7.9,7.76,8.23,7.1,7.8,7.56
2016-04,91.24,92.41,90.35,91.26,91.59,92.09,92.87,93.3,92.87,93.23,90.88,93.24,94.71,92.35,91.54,91.98,94.43,93.82,93.08,92.87,94.27,95.47,0.17,0.83,0.66,0.56,0.85,0.77,1.09,1.17,0.62,0.75,0.56,0.73,0.63,0.45,0.64,0.33,0.85,0.61,0.72,0.49,0.85,0.88,3.99,4.44,3.97,4.02,3.86,4,4.33,4.78,4.09,4.04,4.25,4.23,3.91,3.99,3.84,3.98,3.87,3.92,4.23,4.08,4.08,3.96,7.76,8.58,7.83,8.09,7.97,7.21,8.17,8.07,8.25,8.28,8.59,7.91,8.5,9.14,7.48,8.32,8.15,7.84,8.36,7.27,7.93,8.08
2016-05,91.9,92.69,90.47,91.74,91.93,92.74,93,94.25,93.52,92.97,91.18,93.61,95.4,93.11,91.72,92.26,94.75,94.08,93.4,93.74,94.66,96.03,0.73,0.3,0.13,0.53,0.38,0.71,0.14,1.02,0.7,-0.28,0.34,0.39,0.73,0.82,0.2,0.31,0.34,0.27,0.34,0.94,0.41,0.59,4.75,4.75,4.1,4.57,4.25,4.73,4.47,5.84,4.82,3.75,4.6,4.64,4.67,4.84,4.05,4.3,4.22,4.21,4.58,5.06,4.5,4.57,8.11,9.28,7.83,7.95,8.18,7.84,7.77,8.96,8.77,7.72,8.58,7.79,9.2,9.62,7.51,8.03,8.02,7.62,8.41,8.32,7.62,8.58
2016-06,92.4,93.25,91.03,91.66,92.52,93.17,93,95.12,94.13,93.95,91.54,94,94.96,93.1,91.93,92.53,95.12,94.33,93.86,93.82,94.99,96.14,0.55,0.61,0.62,-0.09,0.64,0.46,0.01,0.93,0.65,1.05,0.39,0.42,-0.47,-0.01,0.23,0.29,0.39,0.27,0.49,0.08,0.35,0.12,5.32,5.39,4.74,4.48,4.92,5.22,4.48,6.83,5.51,4.84,5.01,5.07,4.18,4.83,4.29,4.6,4.63,4.49,5.1,5.15,4.86,4.7,8.7,9.5,8.17,7.78,8.63,8.28,7.88,10.06,9.1,8.59,8.66,8.32,8.19,9.6,7.8,8.57,8.98,8.04,8.89,8.28,8.23,8.63
2016-07,92.86,93.56,91.62,92.2,92.88,93.55,93.46,95.94,95.2,94.6,92.38,94.61,95.75,93.39,92.49,93.27,94.2,93.42,94.25,94.34,95.66,96.97,0.49,0.33,0.65,0.59,0.39,0.4,0.49,0.86,1.14,0.7,0.92,0.65,0.84,0.32,0.61,0.8,-0.97,-0.97,0.42,0.55,0.7,0.86,5.84,5.74,5.42,5.1,5.32,5.64,4.99,7.75,6.71,5.57,5.98,5.76,5.06,5.16,4.92,5.44,3.62,3.47,5.54,5.73,5.6,5.6,9.03,9.98,8.74,8.1,8.52,8.39,8.18,10.61,9.68,9.2,9.33,8.72,8.95,9.76,7.83,8.71,7.82,6.52,8.79,8.84,8.71,9.28
2016-08,92.46,92.98,91.53,92.42,92.67,93.43,93.69,95.1,93.46,94.21,92.12,94.24,94.92,92.89,92.42,92.8,95.11,94.21,95.19,93.66,95.13,96.24,-0.43,-0.62,-0.1,0.24,-0.23,-0.12,0.25,-0.88,-1.83,-0.41,-0.28,-0.39,-0.87,-0.53,-0.07,-0.51,0.97,0.85,0.99,-0.72,-0.55,-0.76,5.38,5.09,5.32,5.35,5.08,5.51,5.25,6.8,4.75,5.13,5.68,5.35,4.14,4.6,4.85,4.91,4.62,4.36,6.59,4.96,5.02,4.8,8.08,8.37,8.06,8.09,7.69,7.72,8.12,9.28,7.48,8.01,8.6,7.85,7.49,8.47,7.41,7.8,8.54,7.09,9.38,7.82,7.74,8.05
2016-09,92.36,93.22,91.73,92.38,92.89,93.05,93.52,94.62,94.43,93.97,92.11,93.97,94.69,92.48,92.42,92.91,95.03,93.98,94.83,93.34,94.02,95.83,-0.1,0.26,0.22,-0.04,0.24,-0.41,-0.19,-0.51,1.04,-0.25,-0.02,-0.29,-0.24,-0.45,0,0.11,-0.09,-0.25,-0.37,-0.34,-1.17,-0.42,5.27,5.36,5.55,5.3,5.34,5.08,5.06,6.26,5.84,4.87,5.66,5.04,3.89,4.13,4.85,5.03,4.53,4.1,6.19,4.61,3.79,4.36,7.15,7.78,7.66,7.34,7.37,6.81,6.93,7.57,7.86,7.07,7.82,6.76,6.7,6.87,6.83,7.29,7.44,6.36,7.89,7.01,5.81,6.87
2016-10,92.29,92.92,91.76,92.94,92.94,92.84,93.26,94.44,94.47,93.92,92.01,93.72,94.6,92.52,92.38,92.87,95.19,94.11,94.46,93.29,93.96,95.65,-0.08,-0.32,0.04,0.61,0.05,-0.23,-0.27,-0.18,0.04,-0.06,-0.1,-0.26,-0.1,0.04,-0.04,-0.04,0.17,0.14,-0.39,-0.05,-0.06,-0.19,5.19,5.02,5.59,5.94,5.39,4.84,4.77,6.06,5.89,4.8,5.55,4.77,3.79,4.18,4.8,4.99,4.71,4.25,5.78,4.55,3.73,4.16,6.41,6.46,6.96,7.3,6.64,5.85,6.06,7,7.06,5.96,6.95,6.1,5.54,5.94,6.07,6.39,6.23,5.81,6.97,6.06,4.94,5.7
2016-11,92.41,92.82,92.14,92.9,93.14,92.93,93.16,94.19,94.45,94.01,92.17,93.64,94.48,92.66,92.54,93.19,95.49,94.06,94.55,93.28,93.87,95.55,0.14,-0.1,0.41,-0.05,0.21,0.09,-0.11,-0.27,-0.02,0.1,0.17,-0.09,-0.13,0.15,0.17,0.34,0.31,-0.06,0.09,-0.01,-0.1,-0.1,5.33,4.91,6.02,5.89,5.62,4.94,4.66,5.78,5.87,4.91,5.74,4.68,3.66,4.34,4.98,5.35,5.04,4.18,5.87,4.55,3.63,4.05,5.88,5.96,6.8,6.48,6.32,5.42,5.29,6.13,6.42,5.38,6.41,5.35,4.39,5.52,5.4,6.16,5.53,4.93,6.33,5.54,4.24,4.82
2016-12,92.73,93.02,92.59,93.41,93.72,93.76,93.69,94.48,94.6,94.32,92.82,94.11,94.76,93.03,93.1,93.57,96.01,94.66,95.06,93.61,94.46,95.92,0.34,0.22,0.49,0.55,0.63,0.9,0.57,0.32,0.16,0.33,0.7,0.5,0.3,0.4,0.6,0.4,0.55,0.64,0.54,0.34,0.63,0.38,5.69,5.13,6.54,6.47,6.28,5.88,5.25,6.11,6.04,5.25,6.47,5.2,3.97,4.75,5.62,5.77,5.61,4.85,6.45,4.91,4.28,4.45,5.69,5.13,6.54,6.47,6.28,5.88,5.25,6.11,6.04,5.25,6.47,5.2,3.97,4.75,5.62,5.77,5.61,4.85,6.45,4.91,4.28,4.45
2017-01,93.68,94.18,93.45,94.22,94.64,94.67,94.96,95.36,95.51,95.2,94.51,95.29,96.16,93.77,93.89,94.62,96.64,95.34,95.89,94.21,95.18,96.69,1.02,1.25,0.93,0.86,0.98,0.97,1.35,0.92,0.96,0.93,1.83,1.26,1.48,0.79,0.85,1.13,0.66,0.72,0.87,0.65,0.77,0.8,1.02,1.25,0.93,0.86,0.98,0.97,1.35,0.92,0.96,0.93,1.83,1.26,1.48,0.79,0.85,1.13,0.66,0.72,0.87,0.65,0.77,0.8,5.48,4.84,6.12,6.37,6.66,5.17,5.73,4.9,5.38,4.71,6.75,5.17,4.04,4.2,5.3,5.27,5.43,4.21,5.97,4.44,3.89,4.09
2017-02,94.84,95.03,94.59,94.76,95.31,95.37,95.5,95.95,96.44,95.55,95.32,95.53,96.84,94.64,95.02,95.33,96.42,95.36,95.91,94.97,95.37,97.19,1.24,0.91,1.22,0.58,0.7,0.75,0.57,0.62,0.97,0.37,0.85,0.25,0.71,0.93,1.21,0.74,-0.23,0.02,0.02,0.81,0.2,0.51,2.27,2.16,2.16,1.45,1.69,1.72,1.93,1.55,1.94,1.3,2.7,1.51,2.2,1.73,2.07,1.88,0.43,0.75,0.89,1.46,0.96,1.32,5.19,4.75,6.4,5.38,5.19,5.01,5.06,4.91,5.46,4.03,6.31,4.03,3.72,3.9,5.19,4.98,3.79,3.05,4.71,3.83,2.84,3.44
2017-03,95.39,95.44,94.83,95.19,95.6,95.6,95.85,96.13,97.26,96.11,95.74,95.91,97.21,95.05,95.56,95.79,96.63,96.32,96.28,95.42,96.22,97.42,0.58,0.43,0.25,0.45,0.31,0.23,0.37,0.18,0.85,0.59,0.44,0.4,0.38,0.44,0.56,0.48,0.21,1,0.39,0.47,0.89,0.24,2.87,2.6,2.42,1.9,2.01,1.96,2.3,1.74,2.81,1.9,3.15,1.92,2.59,2.17,2.64,2.37,0.64,1.76,1.28,1.93,1.86,1.57,4.73,4.14,5.65,4.89,5.27,4.61,4.34,4.24,5.37,3.86,5.94,3.62,3.28,3.39,5.06,4.49,3.2,3.29,4.18,3.24,2.92,2.94
2017-04,95.89,95.83,95.29,95.71,95.9,96.11,96.43,96.43,97.42,96.4,95.9,96.54,97.2,95.34,95.98,96.02,97.02,96.86,96.74,95.58,96.99,97.84,0.52,0.4,0.49,0.55,0.31,0.53,0.61,0.32,0.16,0.3,0.16,0.66,0,0.3,0.45,0.24,0.4,0.56,0.48,0.17,0.81,0.43,3.4,3.01,2.92,2.46,2.32,2.5,2.92,2.06,2.97,2.21,3.32,2.59,2.58,2.48,3.1,2.62,1.05,2.33,1.77,2.11,2.68,2,5.09,3.69,5.47,4.88,4.71,4.36,3.84,3.36,4.89,3.4,5.52,3.54,2.63,3.23,4.86,4.39,2.75,3.24,3.93,2.91,2.88,2.48
2017-05,95.99,96.23,95.65,96.04,96.09,96.39,96.65,96.76,97.33,96.77,96.24,96.8,97.13,95.65,96.27,96.29,97.11,97.03,96.79,95.88,96.9,97.82,0.11,0.42,0.37,0.35,0.2,0.3,0.23,0.33,-0.09,0.38,0.36,0.27,-0.07,0.33,0.3,0.29,0.09,0.17,0.05,0.32,-0.1,-0.02,3.51,3.45,3.3,2.82,2.52,2.81,3.16,2.4,2.88,2.6,3.69,2.86,2.51,2.82,3.41,2.92,1.14,2.51,1.82,2.43,2.58,1.98,4.45,3.83,5.72,4.69,4.52,3.94,3.93,2.66,4.08,4.09,5.55,3.41,1.81,2.73,4.96,4.37,2.5,3.14,3.63,2.28,2.37,1.86
2017-06,96.2,96.34,95.76,95.91,96.2,96.44,96.46,96.61,97.56,96.71,96.28,96.63,97.3,95.86,96.35,96.41,96.81,96.82,96.47,96.12,96.77,97.79,0.22,0.11,0.12,-0.14,0.12,0.05,-0.2,-0.15,0.23,-0.06,0.04,-0.18,0.17,0.22,0.08,0.12,-0.31,-0.21,-0.33,0.25,-0.13,-0.03,3.74,3.56,3.43,2.68,2.64,2.86,2.96,2.25,3.12,2.53,3.73,2.67,2.68,3.05,3.49,3.04,0.83,2.29,1.48,2.69,2.45,1.95,4.11,3.31,5.2,4.63,3.98,3.51,3.72,1.57,3.64,2.94,5.18,2.8,2.47,2.97,4.81,4.2,1.78,2.64,2.79,2.45,1.88,1.71
2017-07,96.08,96.45,95.79,95.79,96.24,96.63,96.32,96.44,97.81,96.79,96.24,96.38,97.57,95.89,96.3,96.43,96.54,96.53,96.36,96.03,96.57,97.78,-0.13,0.11,0.02,-0.13,0.04,0.19,-0.15,-0.17,0.27,0.08,-0.04,-0.26,0.28,0.03,-0.06,0.01,-0.29,-0.3,-0.12,-0.09,-0.21,-0.01,3.61,3.68,3.46,2.54,2.69,3.06,2.81,2.07,3.39,2.61,3.69,2.41,2.97,3.07,3.44,3.06,0.54,1.98,1.36,2.59,2.24,1.94,3.47,3.08,4.55,3.89,3.62,3.3,3.07,0.52,2.74,2.31,4.17,1.87,1.9,2.68,4.12,3.38,2.48,3.34,2.24,1.8,0.95,0.83
2017-08,96.26,96.56,95.75,95.82,96.55,96.95,96.3,96.84,97.99,96.96,96.52,96.5,97.44,96.22,96.54,96.72,96.68,96.64,96.4,96.27,96.73,97.89,0.18,0.12,-0.04,0.03,0.32,0.33,-0.02,0.41,0.18,0.18,0.29,0.13,-0.14,0.35,0.25,0.31,0.15,0.11,0.04,0.25,0.16,0.11,3.8,3.8,3.41,2.58,3.01,3.4,2.78,2.49,3.58,2.79,3.99,2.54,2.83,3.43,3.69,3.37,0.69,2.1,1.4,2.85,2.4,2.05,4.11,3.85,4.61,3.67,4.19,3.77,2.78,1.83,4.85,2.92,4.77,2.4,2.65,3.58,4.45,4.23,1.65,2.58,1.27,2.79,1.68,1.71
2017-09,96.26,96.81,95.88,95.95,96.38,97.01,96.23,96.8,97.86,96.74,96.3,96.38,97.22,96.15,96.51,96.69,96.82,96.67,96.3,96.29,96.87,97.77,0,0.26,0.14,0.13,-0.17,0.06,-0.07,-0.03,-0.13,-0.22,-0.22,-0.12,-0.22,-0.07,-0.03,-0.04,0.14,0.03,-0.1,0.02,0.15,-0.13,3.81,4.07,3.56,2.72,2.84,3.46,2.71,2.46,3.44,2.57,3.76,2.42,2.6,3.36,3.67,3.34,0.84,2.13,1.3,2.87,2.55,1.92,4.22,3.85,4.53,3.86,3.76,4.25,2.91,2.31,3.63,2.94,4.56,2.57,2.67,3.97,4.43,4.07,1.88,2.87,1.54,3.17,3.04,2.02
2017-10,96.28,96.87,96.04,95.92,96.36,96.95,96.11,96.65,97.55,96.78,96.23,96.33,96.94,96.12,96.47,96.57,96.88,96.87,96.3,96.32,97.05,97.52,0.02,0.06,0.16,-0.03,-0.02,-0.06,-0.13,-0.16,-0.32,0.04,-0.07,-0.06,-0.29,-0.03,-0.04,-0.12,0.07,0.2,0,0.02,0.19,-0.25,3.82,4.13,3.72,2.68,2.82,3.4,2.58,2.29,3.11,2.6,3.68,2.35,2.3,3.32,3.62,3.21,0.91,2.33,1.3,2.9,2.74,1.67,4.32,4.25,4.66,3.2,3.68,4.43,3.05,2.34,3.25,3.05,4.58,2.78,2.47,3.9,4.42,3.98,1.78,2.93,1.94,3.24,3.29,1.96
2017-11,96.48,96.87,96.22,96.12,96.82,97.01,96.24,96.96,97.33,96.76,96.51,96.49,96.92,96.45,96.71,97,97.04,97.17,96.42,96.62,97.26,97.5,0.21,0.01,0.19,0.21,0.47,0.07,0.14,0.32,-0.22,-0.01,0.29,0.17,-0.02,0.34,0.25,0.45,0.16,0.32,0.13,0.31,0.21,-0.02,4.04,4.14,3.92,2.9,3.3,3.47,2.72,2.62,2.88,2.59,3.98,2.53,2.28,3.68,3.88,3.67,1.07,2.66,1.43,3.22,2.96,1.65,4.4,4.37,4.43,3.47,3.95,4.4,3.31,2.95,3.04,2.93,4.71,3.04,2.58,4.09,4.51,4.09,1.63,3.31,1.98,3.57,3.61,2.04
2017-12,97.03,97.01,96.44,96.44,97.26,97.29,96.66,97.2,97.42,97.07,96.8,96.74,97.24,96.75,96.93,97.31,97.24,97.34,96.65,96.74,97.68,97.63,0.57,0.14,0.23,0.33,0.46,0.28,0.43,0.24,0.09,0.31,0.29,0.26,0.33,0.31,0.22,0.32,0.2,0.18,0.24,0.13,0.43,0.13,4.63,4.28,4.16,3.24,3.78,3.76,3.17,2.87,2.98,2.91,4.29,2.79,2.61,4,4.11,4,1.28,2.84,1.67,3.35,3.41,1.78,4.63,4.28,4.16,3.24,3.78,3.76,3.17,2.87,2.98,2.91,4.29,2.79,2.61,4,4.11,4,1.28,2.84,1.67,3.35,3.41,1.78
2018-01,97.62,97.49,97.05,97.26,97.6,98.18,97.36,97.57,98.07,97.93,97.69,97.32,97.93,97.36,97.74,97.57,97.63,97.83,97.17,97.16,97.94,98.07,0.61,0.5,0.63,0.85,0.34,0.91,0.72,0.38,0.66,0.89,0.92,0.6,0.71,0.63,0.83,0.27,0.41,0.5,0.55,0.43,0.27,0.45,0.61,0.5,0.63,0.85,0.34,0.91,0.72,0.38,0.66,0.89,0.92,0.6,0.71,0.63,0.83,0.27,0.41,0.5,0.55,0.43,0.27,0.45,4.21,3.51,3.86,3.23,3.12,3.71,2.53,2.32,2.68,2.87,3.36,2.12,1.84,3.83,4.09,3.12,1.03,2.61,1.34,3.13,2.9,1.42
2018-02,98.38,98.12,97.99,97.95,98.15,98.69,98.05,97.91,98.58,98.46,98.05,97.8,98.14,97.98,98.17,97.74,97.89,98.17,97.18,97.97,98.32,98.45,0.77,0.64,0.97,0.71,0.57,0.52,0.71,0.35,0.52,0.54,0.38,0.49,0.22,0.64,0.45,0.17,0.26,0.35,0.01,0.83,0.38,0.39,1.39,1.14,1.61,1.57,0.92,1.44,1.44,0.73,1.19,1.44,1.3,1.09,0.93,1.27,1.28,0.44,0.67,0.85,0.55,1.27,0.65,0.84,3.73,3.24,3.6,3.36,2.99,3.48,2.68,2.04,2.22,3.05,2.87,2.37,1.34,3.53,3.31,2.53,1.52,2.94,1.33,3.16,3.09,1.3
2018-03,98.57,98.66,98.12,97.89,98.46,99.15,98.34,98.35,98.79,98.67,98.43,98.2,98.56,98.28,98.25,98.16,97.87,98.19,97.85,98.53,98.43,98.53,0.19,0.56,0.14,-0.07,0.32,0.46,0.29,0.46,0.21,0.21,0.39,0.41,0.43,0.3,0.07,0.43,-0.02,0.02,0.69,0.57,0.11,0.09,1.59,1.71,1.75,1.5,1.23,1.91,1.74,1.19,1.41,1.65,1.69,1.51,1.37,1.58,1.36,0.87,0.65,0.87,1.25,1.85,0.77,0.93,3.33,3.38,3.48,2.84,2.99,3.71,2.6,2.32,1.58,2.66,2.81,2.38,1.39,3.39,2.81,2.48,1.29,1.94,1.63,3.26,2.3,1.14
2018-04,98.98,99,98.7,98.42,98.99,99.62,99.21,98.86,99.02,99.24,98.72,98.74,99,98.35,98.77,98.44,98.57,98.63,98.51,98.79,99.02,98.88,0.41,0.34,0.58,0.55,0.53,0.48,0.89,0.52,0.23,0.59,0.29,0.55,0.45,0.07,0.53,0.29,0.71,0.45,0.67,0.27,0.6,0.35,2.01,2.06,2.34,2.06,1.77,2.4,2.64,1.72,1.64,2.24,1.99,2.07,1.82,1.65,1.89,1.16,1.37,1.32,1.93,2.12,1.37,1.28,3.23,3.31,3.57,2.83,3.22,3.66,2.88,2.52,1.65,2.95,2.95,2.28,1.85,3.16,2.9,2.52,1.59,1.82,1.83,3.37,2.09,1.06
2018-05,99.3,99.23,98.97,98.89,99.13,99.57,99.6,98.67,99.13,99.15,98.93,98.7,99.18,98.63,98.87,98.73,98.98,98.68,98.46,99.01,98.99,99.02,0.32,0.23,0.28,0.47,0.14,-0.06,0.39,-0.2,0.11,-0.09,0.21,-0.04,0.18,0.29,0.11,0.29,0.41,0.05,-0.06,0.22,-0.03,0.15,2.34,2.29,2.62,2.54,1.91,2.34,3.04,1.52,1.75,2.15,2.21,2.03,2,1.95,2,1.46,1.79,1.37,1.87,2.35,1.34,1.43,3.45,3.12,3.47,2.96,3.16,3.29,3.05,1.98,1.85,2.46,2.79,1.96,2.11,3.12,2.7,2.53,1.92,1.7,1.72,3.27,2.16,1.23
2018-06,99.48,99.42,99.13,98.95,99.29,99.69,99.36,98.88,99.29,99.44,99.04,98.73,99.32,98.77,99,98.92,98.82,98.53,98.56,99.26,98.76,99.44,0.19,0.19,0.16,0.07,0.17,0.12,-0.24,0.22,0.16,0.29,0.11,0.02,0.13,0.14,0.14,0.19,-0.16,-0.16,0.1,0.24,-0.23,0.42,2.53,2.49,2.79,2.61,2.09,2.47,2.79,1.74,1.92,2.44,2.32,2.06,2.14,2.09,2.14,1.65,1.63,1.21,1.98,2.6,1.1,1.85,3.41,3.2,3.52,3.17,3.21,3.36,3,2.35,1.78,2.83,2.87,2.17,2.08,3.04,2.75,2.6,2.08,1.76,2.16,3.26,2.05,1.68
2018-07,99.31,99.23,98.9,99.01,99.33,99.68,99.41,98.73,99.24,99.35,99.05,98.89,99.27,98.63,99.04,98.84,98.66,98.71,98.78,99.4,98.88,99.31,-0.17,-0.2,-0.23,0.06,0.04,-0.01,0.05,-0.16,-0.05,-0.09,0.01,0.17,-0.04,-0.14,0.04,-0.07,-0.17,0.18,0.23,0.14,0.12,-0.12,2.35,2.29,2.55,2.67,2.12,2.46,2.84,1.58,1.87,2.35,2.33,2.23,2.1,1.95,2.18,1.58,1.46,1.4,2.21,2.75,1.23,1.73,3.36,2.88,3.25,3.37,3.21,3.16,3.2,2.37,1.46,2.65,2.92,2.61,1.75,2.86,2.85,2.51,2.2,2.25,2.51,3.5,2.39,1.56
2018-08,99.39,99.45,99.07,99.16,99.41,99.68,99.39,98.82,99.47,99.4,99.21,99.17,99.34,98.77,99.18,99.08,98.9,98.88,99.53,99.57,99.1,99.49,0.07,0.22,0.17,0.14,0.09,0,-0.02,0.1,0.23,0.05,0.16,0.28,0.06,0.14,0.13,0.24,0.25,0.17,0.76,0.17,0.22,0.18,2.43,2.51,2.73,2.82,2.21,2.46,2.82,1.67,2.11,2.4,2.5,2.52,2.16,2.09,2.32,1.82,1.71,1.57,2.99,2.92,1.45,1.91,3.25,2.99,3.47,3.48,2.97,2.82,3.2,2.05,1.51,2.52,2.79,2.77,1.95,2.65,2.73,2.44,2.3,2.31,3.26,3.43,2.45,1.64
2018-09,99.52,99.81,99.28,99.26,99.58,99.71,99.45,98.92,99.59,99.38,99.48,99.4,99.11,99.15,99.4,99.32,99.01,99,99.76,99.6,99.22,99.63,0.14,0.37,0.21,0.1,0.17,0.03,0.07,0.1,0.11,-0.02,0.27,0.23,-0.23,0.38,0.23,0.25,0.11,0.13,0.23,0.03,0.13,0.14,2.57,2.89,2.95,2.92,2.38,2.49,2.89,1.78,2.22,2.39,2.77,2.75,1.92,2.47,2.55,2.07,1.82,1.71,3.22,2.95,1.58,2.06,3.39,3.1,3.55,3.45,3.32,2.78,3.34,2.19,1.77,2.73,3.3,3.13,1.94,3.11,2.99,2.72,2.27,2.41,3.6,3.43,2.43,1.91
2018-10,99.62,99.74,99.39,99.48,99.65,99.95,99.7,99.41,99.64,99.52,99.63,99.71,99.35,99.42,99.45,99.4,99.37,99.35,99.82,99.67,99.53,99.71,0.1,-0.08,0.11,0.22,0.07,0.24,0.25,0.49,0.06,0.14,0.15,0.32,0.25,0.27,0.05,0.08,0.36,0.35,0.06,0.07,0.3,0.07,2.67,2.81,3.06,3.15,2.46,2.74,3.15,2.28,2.28,2.53,2.93,3.08,2.17,2.76,2.6,2.15,2.19,2.06,3.29,3.02,1.89,2.13,3.48,2.96,3.49,3.71,3.41,3.1,3.74,2.85,2.15,2.84,3.53,3.52,2.49,3.43,3.09,2.93,2.56,2.56,3.66,3.48,2.55,2.24
2018-11,99.73,99.68,99.58,99.81,99.8,99.71,99.77,99.68,99.76,99.81,99.73,99.84,99.52,99.64,99.59,99.69,99.68,99.73,99.94,99.85,99.8,99.7,0.11,-0.06,0.19,0.34,0.14,-0.24,0.07,0.27,0.12,0.29,0.1,0.13,0.17,0.22,0.13,0.29,0.31,0.39,0.12,0.19,0.27,0,2.78,2.75,3.25,3.5,2.6,2.49,3.22,2.55,2.4,2.83,3.03,3.21,2.34,2.98,2.74,2.44,2.51,2.45,3.41,3.22,2.17,2.13,3.37,2.89,3.49,3.84,3.08,2.78,3.67,2.8,2.5,3.15,3.33,3.48,2.68,3.3,2.97,2.77,2.71,2.63,3.66,3.35,2.61,2.26
2018-12,100,100,100,100,100,100,100,100,100,100,100,100,100,100,100,100,100,100,100,100,100,100,0.27,0.32,0.43,0.19,0.2,0.29,0.23,0.32,0.24,0.19,0.27,0.16,0.49,0.36,0.41,0.32,0.32,0.27,0.06,0.15,0.2,0.3,3.06,3.08,3.69,3.69,2.81,2.79,3.45,2.89,2.65,3.02,3.31,3.37,2.84,3.36,3.17,2.76,2.84,2.73,3.47,3.37,2.37,2.43,3.06,3.08,3.69,3.69,2.81,2.79,3.45,2.89,2.65,3.02,3.31,3.37,2.84,3.36,3.17,2.76,2.84,2.73,3.47,3.37,2.37,2.43
2019-01,100.55,100.67,100.76,100.9,100.56,100.61,100.58,100.4,100.71,100.68,100.52,100.38,100.46,100.71,100.56,100.86,100.25,100.34,100.27,100.45,100.35,100.47,0.55,0.67,0.76,0.9,0.56,0.61,0.58,0.4,0.71,0.68,0.52,0.38,0.46,0.71,0.56,0.86,0.25,0.34,0.27,0.45,0.35,0.47,0.55,0.67,0.76,0.9,0.56,0.61,0.58,0.4,0.71,0.68,0.52,0.38,0.46,0.71,0.56,0.86,0.25,0.34,0.27,0.45,0.35,0.47,2.99,3.27,3.82,3.74,3.04,2.48,3.31,2.9,2.69,2.81,2.9,3.15,2.58,3.44,2.89,3.37,2.68,2.57,3.19,3.39,2.46,2.45
2019-02,101.24,101.08,101.32,101.32,101.07,101.59,100.96,100.83,100.93,101.17,101.3,100.72,100.92,101.15,100.98,101.32,100.65,100.49,100.48,101.31,100.87,100.88,0.69,0.41,0.56,0.42,0.5,0.97,0.38,0.43,0.22,0.49,0.78,0.34,0.46,0.43,0.41,0.46,0.4,0.14,0.2,0.85,0.52,0.41,1.24,1.08,1.32,1.32,1.07,1.59,0.96,0.83,0.93,1.17,1.3,0.72,0.92,1.15,0.98,1.32,0.65,0.49,0.48,1.31,0.87,0.88,2.9,3.02,3.4,3.44,2.97,2.94,2.97,2.98,2.39,2.75,3.31,2.99,2.82,3.23,2.86,3.67,2.82,2.36,3.39,3.41,2.59,2.47
2019-03,101.53,101.75,101.99,101.72,101.34,101.92,101.52,101.28,101.23,101.61,101.66,101.42,101.24,101.57,101.43,101.9,101.07,101.37,101.07,101.94,101.79,101.27,0.29,0.66,0.66,0.4,0.27,0.32,0.55,0.45,0.29,0.43,0.35,0.69,0.32,0.42,0.45,0.57,0.41,0.88,0.59,0.62,0.91,0.38,1.53,1.75,1.99,1.72,1.34,1.92,1.52,1.28,1.23,1.61,1.66,1.42,1.24,1.57,1.43,1.9,1.07,1.37,1.07,1.94,1.79,1.27,3.01,3.13,3.94,3.92,2.92,2.79,3.23,2.98,2.47,2.98,3.28,3.28,2.72,3.35,3.24,3.81,3.26,3.24,3.29,3.46,3.41,2.78
2019-04,102,102.29,102.55,102.18,101.93,102.18,102.4,102.02,101.81,102.04,102.1,102.47,101.42,101.92,101.86,102.35,101.7,102.53,101.98,102.19,102.62,101.6,0.46,0.53,0.54,0.45,0.59,0.26,0.87,0.73,0.57,0.43,0.43,1.04,0.18,0.34,0.43,0.44,0.62,1.14,0.9,0.25,0.82,0.33,2,2.29,2.55,2.18,1.93,2.18,2.4,2.02,1.81,2.04,2.1,2.47,1.42,1.92,1.86,2.35,1.7,2.53,1.98,2.19,2.62,1.6,3.05,3.33,3.9,3.82,2.98,2.57,3.22,3.19,2.81,2.82,3.42,3.78,2.44,3.63,3.14,3.98,3.17,3.96,3.52,3.44,3.64,2.75
2019-05,102.34,102.56,102.92,102.45,102.29,102.47,102.92,102.27,102.14,102.29,102.38,103.02,101.54,102.06,102.26,102.43,101.93,102.83,102.26,102.46,102.75,101.78,0.34,0.26,0.37,0.26,0.35,0.28,0.5,0.24,0.32,0.24,0.27,0.54,0.12,0.14,0.39,0.07,0.23,0.29,0.27,0.26,0.12,0.18,2.34,2.56,2.92,2.45,2.29,2.47,2.92,2.27,2.14,2.29,2.38,3.02,1.54,2.06,2.26,2.43,1.93,2.83,2.26,2.46,2.75,1.78,3.06,3.35,3.99,3.6,3.19,2.92,3.33,3.65,3.04,3.16,3.49,4.37,2.38,3.47,3.43,3.75,2.98,4.2,3.86,3.48,3.8,2.78
2019-06,102.57,103.03,103.25,102.65,102.81,102.64,103,102.64,102.59,102.55,102.56,103.28,102.01,102.43,102.51,102.74,103.18,102.06,102.38,103.2,102.85,102.49,0.23,0.46,0.32,0.2,0.51,0.16,0.08,0.37,0.44,0.26,0.17,0.25,0.46,0.37,0.24,0.31,1.23,-0.75,0.12,0.72,0.1,0.7,2.57,3.03,3.25,2.65,2.81,2.64,3,2.64,2.59,2.55,2.56,3.28,2.01,2.43,2.51,2.74,3.18,2.06,2.38,3.2,2.85,2.49,3.1,3.63,4.15,3.74,3.55,2.96,3.67,3.8,3.32,3.13,3.55,4.61,2.72,3.71,3.54,3.87,4.41,3.59,3.88,3.97,4.15,3.07
2019-07,102.67,103.39,103.44,103.25,103.18,102.95,103.44,102.85,102.82,102.85,102.93,103.73,102.4,102.73,102.74,102.6,103.67,102.47,102.97,103.5,103.29,102.47,0.1,0.35,0.18,0.58,0.36,0.3,0.43,0.2,0.23,0.29,0.36,0.44,0.38,0.29,0.23,-0.13,0.47,0.4,0.57,0.29,0.42,-0.02,2.67,3.39,3.44,3.25,3.18,2.95,3.44,2.85,2.82,2.85,2.93,3.73,2.4,2.73,2.74,2.6,3.67,2.47,2.97,3.5,3.29,2.47,3.38,4.19,4.59,4.28,3.88,3.28,4.06,4.18,3.61,3.52,3.91,4.89,3.15,4.16,3.73,3.8,5.08,3.81,4.24,4.12,4.46,3.18
2019-08,102.76,103.49,103.61,103.25,103.34,103.19,103.32,102.81,102.92,102.84,103.1,103.66,102.38,103.03,102.77,102.9,103.73,102.42,103.03,103.65,102.97,102.51,0.08,0.1,0.17,0,0.15,0.23,-0.12,-0.04,0.09,0,0.17,-0.07,-0.03,0.29,0.03,0.29,0.06,-0.05,0.06,0.15,-0.31,0.04,2.76,3.49,3.61,3.25,3.34,3.19,3.32,2.81,2.92,2.84,3.1,3.66,2.38,3.03,2.77,2.9,3.73,2.42,3.03,3.65,2.97,2.51,3.39,4.06,4.58,4.13,3.95,3.52,3.96,4.04,3.47,3.46,3.91,4.52,3.06,4.32,3.63,3.86,4.89,3.58,3.51,4.1,3.91,3.03
2019-09,103.08,103.94,103.77,103.3,103.54,103.41,103.23,103.29,103.02,102.97,103.36,103.62,102.56,103.31,102.94,101.48,103.69,102.74,103.06,103.76,102.9,102.6,0.31,0.44,0.16,0.05,0.19,0.22,-0.08,0.46,0.1,0.12,0.25,-0.03,0.18,0.27,0.16,-1.38,-0.04,0.32,0.03,0.11,-0.07,0.09,3.08,3.94,3.77,3.3,3.54,3.41,3.23,3.29,3.02,2.97,3.36,3.62,2.56,3.31,2.94,1.48,3.69,2.74,3.06,3.76,2.9,2.6,3.57,4.14,4.52,4.08,3.97,3.72,3.8,4.41,3.45,3.61,3.9,4.25,3.48,4.2,3.56,2.18,4.73,3.78,3.3,4.18,3.7,2.98
2019-10,103.19,104.15,104.02,103.52,103.73,103.42,103.58,103.67,103.45,103.18,103.43,103.6,102.6,103.55,103.18,101.54,103.95,102.95,103.01,104.01,103.05,102.74,0.11,0.2,0.24,0.21,0.19,0,0.34,0.37,0.42,0.21,0.07,-0.02,0.04,0.23,0.24,0.06,0.25,0.2,-0.04,0.24,0.15,0.13,3.19,4.15,4.02,3.52,3.73,3.42,3.58,3.67,3.45,3.18,3.43,3.6,2.6,3.55,3.18,1.54,3.95,2.95,3.01,4.01,3.05,2.74,3.58,4.43,4.66,4.07,4.09,3.47,3.89,4.29,3.83,3.68,3.82,3.9,3.27,4.16,3.75,2.16,4.61,3.63,3.19,4.36,3.54,3.04
2019-11,103.29,104.22,104.13,103.7,103.95,103.47,103.72,103.62,103.44,103.24,103.55,103.76,102.71,103.73,103.37,101.66,104.25,103.38,103.21,103.9,103.23,102.78,0.1,0.06,0.1,0.17,0.21,0.05,0.14,-0.05,-0.02,0.05,0.12,0.16,0.11,0.17,0.18,0.12,0.28,0.41,0.19,-0.1,0.18,0.05,3.29,4.22,4.13,3.7,3.95,3.47,3.72,3.62,3.44,3.24,3.55,3.76,2.71,3.73,3.37,1.66,4.25,3.38,3.21,3.9,3.23,2.78,3.57,4.56,4.57,3.9,4.16,3.77,3.96,3.95,3.68,3.43,3.84,3.92,3.21,4.1,3.8,1.98,4.59,3.65,3.27,4.05,3.44,3.09
2019-12,103.49,104.53,104.49,104.13,104.28,103.76,103.88,103.79,103.94,103.37,103.74,103.99,102.72,103.87,103.72,103.71,104.79,103.83,103.53,103.9,103.6,102.94,0.19,0.3,0.35,0.42,0.32,0.28,0.15,0.17,0.48,0.13,0.18,0.22,0.01,0.14,0.34,2.01,0.52,0.44,0.31,0,0.35,0.15,3.49,4.53,4.49,4.13,4.28,3.76,3.88,3.79,3.94,3.37,3.74,3.99,2.72,3.87,3.72,3.71,4.79,3.83,3.53,3.9,3.6,2.94,3.49,4.53,4.49,4.13,4.28,3.76,3.88,3.79,3.94,3.37,3.74,3.99,2.72,3.87,3.72,3.71,4.79,3.83,3.53,3.9,3.6,2.94
2020-01,103.78,105.14,105.09,105.11,105.01,104.1,104.21,104.61,104.23,103.85,104.26,104.4,103.13,104.1,104.27,104.35,105.13,104.02,103.78,104.17,103.64,103.27,0.28,0.58,0.58,0.94,0.7,0.33,0.32,0.79,0.28,0.46,0.51,0.4,0.39,0.23,0.52,0.62,0.32,0.19,0.24,0.26,0.05,0.32,0.28,0.58,0.58,0.94,0.7,0.33,0.32,0.79,0.28,0.46,0.51,0.4,0.39,0.23,0.52,0.62,0.32,0.19,0.24,0.26,0.05,0.32,3.22,4.43,4.3,4.17,4.42,3.46,3.61,4.19,3.5,3.15,3.72,4.01,2.66,3.37,3.68,3.47,4.87,3.67,3.5,3.7,3.28,2.78
2020-02,104.6,105.72,105.62,106,105.65,104.82,104.78,105.09,104.68,104.44,104.88,105.03,103.7,104.58,104.91,105.13,105.72,105.23,104.77,104.93,104.19,103.74,0.79,0.55,0.51,0.85,0.61,0.69,0.55,0.46,0.43,0.57,0.59,0.6,0.55,0.46,0.62,0.74,0.56,1.16,0.95,0.73,0.52,0.45,1.07,1.13,1.09,1.8,1.32,1.02,0.87,1.25,0.71,1.04,1.1,1,0.95,0.69,1.15,1.37,0.89,1.35,1.19,0.99,0.57,0.78,3.32,4.58,4.25,4.62,4.54,3.18,3.78,4.23,3.71,3.24,3.53,4.28,2.76,3.4,3.9,3.75,5.03,4.72,4.27,3.57,3.29,2.83
2020-03,105.13,106.33,106.16,106.89,106.04,105.42,105.21,106.25,105.23,105.11,105.58,105.66,104.6,105.01,105.49,105.86,106.52,106.19,105.47,105.54,104.89,104.49,0.51,0.58,0.51,0.83,0.37,0.57,0.4,1.1,0.53,0.64,0.67,0.6,0.87,0.41,0.55,0.7,0.76,0.91,0.67,0.58,0.68,0.73,1.58,1.72,1.6,2.65,1.69,1.6,1.28,2.37,1.24,1.69,1.77,1.6,1.83,1.1,1.7,2.08,1.65,2.27,1.87,1.58,1.25,1.51,3.54,4.5,4.09,5.07,4.64,3.44,3.63,4.91,3.95,3.45,3.85,4.18,3.31,3.39,4,3.89,5.39,4.75,4.35,3.53,3.05,3.19
2020-04,105.3,106.39,106.51,107.4,106.17,105.78,105.63,106.88,105.81,105.29,105.43,106.15,102.82,105.73,101.75,106.52,107.63,106.59,105.98,105.91,105.63,104.86,0.16,0.06,0.32,0.49,0.12,0.35,0.4,0.6,0.55,0.16,-0.13,0.47,-1.7,0.68,-3.55,0.62,1.04,0.37,0.49,0.35,0.7,0.35,1.75,1.78,1.93,3.14,1.81,1.95,1.69,2.98,1.8,1.85,1.63,2.08,0.09,1.79,-1.9,2.71,2.71,2.66,2.37,1.94,1.96,1.87,3.24,4,3.86,5.11,4.16,3.52,3.15,4.77,3.94,3.18,3.26,3.59,1.38,3.74,-0.11,4.07,5.83,3.96,3.92,3.64,2.93,3.21
2020-05,104.88,106.11,106.24,107.34,105.9,105.28,105.45,106.76,105.46,105.19,105.44,106.07,102.61,105.55,101.48,106.58,107.41,106.54,105.86,105.71,105.35,103.53,-0.4,-0.27,-0.25,-0.06,-0.26,-0.47,-0.18,-0.12,-0.33,-0.09,0.01,-0.07,-0.2,-0.17,-0.26,0.06,-0.21,-0.05,-0.11,-0.19,-0.27,-1.27,1.34,1.51,1.67,3.08,1.55,1.47,1.51,2.86,1.47,1.76,1.64,2,-0.11,1.62,-2.16,2.77,2.5,2.61,2.25,1.74,1.69,0.58,2.48,3.46,3.22,4.78,3.53,2.74,2.46,4.39,3.26,2.83,2.99,2.96,1.05,3.42,-0.76,4.06,5.37,3.61,3.52,3.17,2.53,1.73
2020-06,104.32,106,105.88,107,105.63,105.03,105.37,106.5,105.15,103.49,105.13,105.8,102.16,104,101.1,106.22,107.32,106.41,105.8,105.49,104.98,103.62,-0.53,-0.1,-0.34,-0.31,-0.25,-0.24,-0.07,-0.24,-0.29,-1.62,-0.29,-0.26,-0.44,-1.47,-0.38,-0.34,-0.08,-0.12,-0.06,-0.2,-0.35,0.08,0.8,1.4,1.33,2.76,1.29,1.23,1.43,2.61,1.17,0.11,1.34,1.73,-0.54,0.12,-2.53,2.42,2.42,2.48,2.19,1.53,1.34,0.66,1.71,2.89,2.55,4.24,2.74,2.33,2.3,3.76,2.5,0.92,2.51,2.44,0.15,1.52,-1.37,3.38,4.01,4.26,3.33,2.22,2.07,1.1
2020-07,104.24,105.92,105.86,106.77,105.55,104.93,105.1,106.28,104.58,104.67,105.17,103.35,102,105.21,105.38,106.09,106.99,106.08,105.65,105.27,104.92,103.21,-0.08,-0.08,-0.03,-0.22,-0.07,-0.09,-0.26,-0.21,-0.55,1.14,0.04,-2.31,-0.16,1.17,4.23,-0.12,-0.31,-0.31,-0.14,-0.21,-0.06,-0.4,0.72,1.33,1.31,2.53,1.22,1.13,1.18,2.4,0.61,1.25,1.38,-0.61,-0.7,1.29,1.6,2.3,2.1,2.17,2.05,1.31,1.28,0.26,1.53,2.45,2.34,3.4,2.3,1.93,1.61,3.33,1.7,1.77,2.18,-0.37,-0.39,2.41,2.57,3.4,3.2,3.52,2.6,1.71,1.58,0.72
2020-08,104.13,105.99,106.25,106.59,106.01,104.98,104.98,105.96,104.69,104.6,105.36,102.84,101.72,105.01,105.67,106.08,106.54,106.08,104.74,105.21,104.63,103.29,-0.11,0.07,0.38,-0.17,0.44,0.05,-0.12,-0.3,0.11,-0.06,0.18,-0.5,-0.28,-0.19,0.27,-0.01,-0.42,0,-0.86,-0.05,-0.28,0.08,0.61,1.4,1.69,2.36,1.66,1.18,1.06,2.09,0.72,1.19,1.57,-1.11,-0.97,1.1,1.87,2.29,1.67,2.16,1.17,1.26,1,0.34,1.33,2.42,2.55,3.23,2.58,1.74,1.6,3.06,1.72,1.71,2.2,-0.79,-0.64,1.91,2.82,3.09,2.7,3.57,1.66,1.51,1.61,0.75
2020-09,104.72,106.21,106.55,106.47,106.17,105.17,104.72,105.97,105.01,103.72,105.75,105.16,101.76,105.11,105.64,105.64,106.34,105.89,104.27,105.72,104.42,103.66,0.57,0.21,0.28,-0.11,0.15,0.17,-0.25,0.01,0.31,-0.84,0.36,2.26,0.04,0.1,-0.02,-0.41,-0.18,-0.18,-0.45,0.48,-0.2,0.37,1.18,1.61,1.97,2.25,1.81,1.35,0.8,2.1,1.03,0.34,1.94,1.12,-0.94,1.2,1.85,1.87,1.48,1.98,0.71,1.75,0.8,0.71,1.59,2.18,2.68,3.07,2.55,1.69,1.43,2.6,1.93,0.73,2.31,1.48,-0.78,1.74,2.63,4.1,2.55,3.06,1.18,1.89,1.48,1.04
2020-10,104.65,106.26,106.51,106.35,106.37,104.83,104.49,105.98,104.96,103.32,105.77,104.77,102.06,104.75,105.53,105.91,106.59,105.74,104.09,105.65,104.15,103.74,-0.06,0.05,-0.04,-0.11,0.19,-0.32,-0.22,0.01,-0.05,-0.39,0.02,-0.37,0.29,-0.34,-0.1,0.25,0.23,-0.14,-0.17,-0.06,-0.26,0.07,1.12,1.66,1.93,2.13,2,1.03,0.58,2.11,0.98,-0.05,1.96,0.75,-0.65,0.85,1.74,2.12,1.72,1.84,0.54,1.68,0.54,0.78,1.42,2.03,2.4,2.73,2.54,1.37,0.87,2.23,1.45,0.13,2.25,1.13,-0.52,1.16,2.28,4.3,2.53,2.71,1.05,1.58,1.07,0.98
2020-11,104.51,106.22,106.41,105.98,106.32,104.65,104.16,105.92,104.8,103.11,105.64,104,102.18,104.66,105.38,105.9,106.46,105.39,103.71,105.34,103.79,103.51,-0.14,-0.04,-0.1,-0.35,-0.04,-0.18,-0.31,-0.06,-0.15,-0.21,-0.12,-0.73,0.12,-0.09,-0.15,0,-0.12,-0.33,-0.36,-0.29,-0.35,-0.22,0.98,1.62,1.83,1.78,1.96,0.85,0.27,2.05,0.83,-0.26,1.83,0.01,-0.52,0.76,1.6,2.12,1.59,1.5,0.18,1.39,0.19,0.56,1.18,1.92,2.19,2.2,2.29,1.14,0.42,2.22,1.32,-0.13,2.01,0.23,-0.51,0.9,1.94,4.17,2.12,1.95,0.49,1.39,0.54,0.71
2020-12,104.7,106.47,107.19,106.46,106.93,104.92,104.25,106.79,105.55,103.6,106.09,104.79,104.71,105.01,105.98,106.48,107.2,106.03,104.5,105.29,104.54,103.94,0.19,0.24,0.74,0.45,0.57,0.26,0.08,0.83,0.72,0.48,0.43,0.76,2.47,0.34,0.57,0.55,0.7,0.6,0.76,-0.05,0.72,0.41,1.17,1.85,2.58,2.24,2.54,1.12,0.35,2.89,1.55,0.22,2.27,0.77,1.93,1.1,2.17,2.68,2.3,2.11,0.93,1.34,0.91,0.97,1.17,1.85,2.58,2.24,2.54,1.12,0.35,2.89,1.55,0.22,2.27,0.77,1.93,1.1,2.17,2.68,2.3,2.11,0.93,1.34,0.91,0.97
2021-01,104.97,107.14,107.72,106.79,107.57,105.56,104.78,107.53,106.17,104.47,106.85,105.26,105.3,105.39,106.43,106.97,107.63,106.08,104.83,105.59,104.86,104.39,0.26,0.63,0.5,0.31,0.6,0.61,0.52,0.69,0.59,0.83,0.72,0.45,0.57,0.36,0.43,0.46,0.4,0.05,0.32,0.28,0.3,0.43,0.26,0.63,0.5,0.31,0.6,0.61,0.52,0.69,0.59,0.83,0.72,0.45,0.57,0.36,0.43,0.46,0.4,0.05,0.32,0.28,0.3,0.43,1.15,1.9,2.5,1.6,2.43,1.4,0.55,2.79,1.86,0.59,2.49,0.82,2.11,1.24,2.07,2.5,2.38,1.98,1.01,1.36,1.17,1.09
2021-02,105.66,107.72,108.28,107.85,108.52,106.42,105.44,108.31,106.58,104.97,107.63,105.93,105.77,106.02,107.24,107.32,107.82,106.7,105.33,105.7,106.02,105.19,0.65,0.54,0.52,0.99,0.89,0.81,0.63,0.72,0.38,0.48,0.72,0.64,0.44,0.6,0.76,0.33,0.18,0.58,0.47,0.1,1.11,0.77,0.91,1.17,1.02,1.3,1.49,1.43,1.15,1.42,0.97,1.32,1.45,1.09,1.01,0.96,1.19,0.79,0.58,0.63,0.79,0.38,1.42,1.2,1.01,1.9,2.52,1.74,2.71,1.52,0.63,3.06,1.81,0.51,2.62,0.85,2,1.38,2.22,2.09,1.99,1.39,0.53,0.73,1.76,1.4
2021-03,106.15,108.13,108.89,108.55,109.11,106.89,105.91,108.93,106.84,105.64,107.91,106.28,106.19,106.55,107.94,108.91,108.39,107.66,105.64,106.4,106.72,105.89,0.47,0.38,0.56,0.65,0.54,0.45,0.44,0.58,0.25,0.63,0.26,0.33,0.4,0.5,0.65,1.48,0.53,0.9,0.3,0.66,0.66,0.67,1.38,1.56,1.59,1.96,2.04,1.88,1.59,2.01,1.22,1.96,1.71,1.42,1.42,1.47,1.85,2.28,1.11,1.54,1.1,1.05,2.09,1.88,0.97,1.69,2.57,1.56,2.89,1.4,0.66,2.52,1.53,0.5,2.21,0.59,1.53,1.47,2.32,2.88,1.76,1.38,0.17,0.81,1.74,1.34
2021-04,106.75,108.75,109.33,109.51,109.86,107.74,106.38,109.77,107.45,106.17,108.71,106.9,106.85,107.36,108.79,109.44,109.26,109.09,106.14,107.18,107.59,106.63,0.56,0.57,0.4,0.88,0.69,0.79,0.45,0.77,0.57,0.5,0.74,0.58,0.62,0.75,0.79,0.49,0.8,1.33,0.48,0.74,0.82,0.7,1.95,2.14,1.99,2.86,2.74,2.69,2.05,2.79,1.8,2.48,2.47,2.01,2.05,2.23,2.66,2.78,1.92,2.89,1.58,1.79,2.92,2.59,1.38,2.22,2.65,1.96,3.48,1.85,0.71,2.7,1.55,0.84,3.11,0.7,3.92,1.53,6.92,2.74,1.52,2.34,0.15,1.2,1.86,1.69
2021-05,107.41,111.76,109.97,110.49,111.37,108.76,107.36,111.07,111.77,107.49,109.6,107.94,108.95,108.84,110.15,114.37,110.04,110.08,106.78,107.66,108.3,108.15,0.62,2.77,0.58,0.9,1.38,0.94,0.92,1.18,4.02,1.24,0.82,0.98,1.97,1.39,1.25,4.5,0.71,0.91,0.6,0.44,0.66,1.42,2.59,4.97,2.59,3.79,4.16,3.66,2.99,4.01,5.9,3.75,3.3,3.01,4.06,3.65,3.94,7.4,2.65,3.83,2.19,2.25,3.6,4.04,2.41,5.32,3.51,2.94,5.17,3.3,1.82,4.04,5.98,2.19,3.95,1.76,6.18,3.12,8.54,7.3,2.45,3.33,0.87,1.85,2.8,4.45
2021-06,107.45,110.39,110.02,110.54,111.66,108.84,107.9,110.57,110.77,107.62,109.69,108.66,108.67,109.6,110.39,113.46,110.07,110.06,107.3,107.74,108.56,108.18,0.04,-1.22,0.05,0.05,0.26,0.08,0.5,-0.45,-0.9,0.12,0.09,0.66,-0.26,0.7,0.21,-0.8,0.03,-0.02,0.48,0.08,0.24,0.04,2.62,3.68,2.64,3.84,4.43,3.74,3.51,3.54,4.95,3.87,3.39,3.7,3.79,4.37,4.16,6.55,2.68,3.81,2.68,2.32,3.85,4.08,3,4.14,3.9,3.31,5.71,3.62,2.4,3.82,5.34,3.99,4.34,2.71,6.37,5.39,9.18,6.82,2.57,3.43,1.42,2.13,3.41,4.41
2021-07,107.79,110.67,110.46,111.15,112.07,108.98,108.1,111.23,110.72,107.87,110.04,108.66,109.02,109.92,110.66,113.14,110.7,110.84,107.43,108.4,108.78,108.35,0.32,0.25,0.41,0.55,0.37,0.13,0.18,0.59,-0.04,0.24,0.31,0,0.32,0.29,0.25,-0.28,0.57,0.71,0.12,0.62,0.2,0.15,2.95,3.94,3.05,4.41,4.81,3.87,3.7,4.15,4.9,4.12,3.72,3.7,4.12,4.67,4.42,6.26,3.26,4.54,2.81,2.96,4.05,4.24,3.4,4.48,4.35,4.11,6.18,3.86,2.85,4.65,5.87,3.06,4.63,5.14,6.88,4.48,5.01,6.65,3.47,4.49,1.68,2.98,3.67,4.98
2021-08,108.21,111.13,111.09,111.84,112.51,109.53,108.56,112.16,111.28,108.11,110.52,109.01,109.28,110.11,111,113.58,111,111.87,108.42,108.65,109.24,108.79,0.39,0.42,0.57,0.62,0.39,0.5,0.43,0.84,0.5,0.22,0.44,0.32,0.24,0.18,0.31,0.38,0.27,0.93,0.92,0.23,0.42,0.41,3.35,4.37,3.64,5.06,5.22,4.39,4.14,5.03,5.43,4.35,4.18,4.03,4.37,4.86,4.74,6.66,3.54,5.52,3.75,3.19,4.5,4.67,3.92,4.85,4.55,4.93,6.13,4.33,3.41,5.85,6.29,3.35,4.9,6.01,7.44,4.86,5.05,7.07,4.19,5.47,3.51,3.27,4.4,5.33
2021-09,108.52,111.42,111.71,112.59,113.03,110.04,108.96,113.05,111.28,108.06,110.94,109.34,109.8,110.77,111.06,113.54,111.55,112.73,108.85,109.3,109.78,109.35,0.29,0.27,0.55,0.67,0.46,0.47,0.37,0.79,0.01,-0.04,0.38,0.3,0.47,0.6,0.05,-0.04,0.5,0.76,0.39,0.6,0.49,0.51,3.65,4.65,4.21,5.76,5.71,4.88,4.52,5.86,5.43,4.3,4.57,4.35,4.87,5.49,4.8,6.62,4.06,6.32,4.16,3.81,5.01,5.2,3.64,4.91,4.84,5.75,6.46,4.64,4.05,6.68,5.98,4.18,4.91,3.98,7.9,5.39,5.13,7.47,4.9,6.46,4.39,3.39,5.13,5.48
2021-10,108.53,111.42,111.64,112.53,112.7,110.55,108.81,113.45,111.01,107.95,110.91,109.36,109.92,110.45,111.07,113.43,111.5,112.66,108.78,109.48,109.98,109.36,0.01,-0.01,-0.06,-0.05,-0.29,0.46,-0.14,0.36,-0.24,-0.1,-0.03,0.02,0.11,-0.29,0,-0.1,-0.05,-0.06,-0.06,0.16,0.19,0.01,3.65,4.65,4.15,5.71,5.4,5.37,4.38,6.24,5.18,4.19,4.54,4.36,4.98,5.18,4.8,6.52,4.01,6.26,4.1,3.98,5.21,5.21,3.7,4.85,4.81,5.81,5.95,5.45,4.14,7.05,5.77,4.48,4.86,4.38,7.7,5.44,5.24,7.1,4.61,6.55,4.51,3.62,5.6,5.41
2021-11,109.04,111.86,112.02,113.17,113.4,111.15,109.33,114.5,111.8,108.78,111.54,109.92,110.56,111.08,111.87,114.1,112.09,113.4,109.4,109.86,110.82,110.18,0.47,0.39,0.35,0.57,0.62,0.55,0.48,0.92,0.71,0.77,0.57,0.51,0.58,0.57,0.72,0.59,0.52,0.66,0.57,0.35,0.76,0.75,4.14,5.06,4.51,6.31,6.05,5.94,4.88,7.22,5.92,4.99,5.14,4.89,5.59,5.78,5.56,7.15,4.56,6.96,4.69,4.34,6.01,6,4.34,5.3,5.28,6.79,6.66,6.22,4.97,8.11,6.68,5.5,5.59,5.69,8.19,6.14,6.16,7.74,5.29,7.6,5.48,4.29,6.78,6.44
2021-12,109.54,112.67,112.92,114.2,114.83,112.29,110.24,116.07,113.2,109.61,112.43,110.52,111.72,112.5,112.72,115.45,113.55,115.56,110.14,110.65,112.34,111.26,0.46,0.73,0.8,0.91,1.26,1.03,0.83,1.37,1.25,0.76,0.8,0.55,1.05,1.28,0.76,1.19,1.31,1.9,0.68,0.71,1.37,0.98,4.62,5.83,5.34,7.27,7.39,7.03,5.75,8.69,7.25,5.79,5.98,5.47,6.69,7.13,6.36,8.42,5.92,8.99,5.4,5.09,7.47,7.04,4.62,5.83,5.34,7.27,7.39,7.03,5.75,8.69,7.25,5.79,5.98,5.47,6.69,7.13,6.36,8.42,5.92,8.99,5.4,5.09,7.47,7.04
2022-01,111.21,114.69,114.73,116.2,116.85,114.5,111.69,118.33,115.21,112.22,114.49,112.51,113.76,113.96,115.34,117.4,116.24,117.39,111.77,112.92,114.14,113.73,1.53,1.79,1.6,1.76,1.76,1.96,1.31,1.95,1.78,2.39,1.83,1.79,1.83,1.29,2.32,1.69,2.37,1.59,1.48,2.06,1.6,2.22,1.53,1.79,1.6,1.76,1.76,1.96,1.31,1.95,1.78,2.39,1.83,1.79,1.83,1.29,2.32,1.69,2.37,1.59,1.48,2.06,1.6,2.22,5.94,7.04,6.5,8.81,8.63,8.47,6.59,10.04,8.52,7.43,7.15,6.89,8.03,8.13,8.37,9.75,8,10.66,6.62,6.95,8.86,8.94
2022-02,113.09,116.68,116.26,118.42,118.83,116.19,113.56,120.27,117.23,114.03,116.12,115.06,115.11,115.61,117.62,119.09,118.55,119.9,113.36,115.22,116.21,115.54,1.68,1.73,1.34,1.91,1.69,1.48,1.68,1.64,1.76,1.61,1.43,2.27,1.19,1.45,1.98,1.44,1.99,2.14,1.42,2.04,1.81,1.6,3.24,3.55,2.97,3.69,3.48,3.47,3.02,3.62,3.57,4.04,3.28,4.11,3.04,2.76,4.35,3.15,4.4,3.76,2.92,4.13,3.44,3.85,7.03,8.31,7.37,9.8,9.5,9.19,7.7,11.05,10,8.63,7.9,8.62,8.83,9.04,9.68,10.97,9.95,12.37,7.62,9.01,9.61,9.84
2022-03,113.94,117.95,117.95,119.63,120,117.26,114.81,121.88,118.55,115.26,117.18,116.22,116.55,116.82,118.53,120.51,119.71,121.25,114.37,116.39,117.78,116.86,0.76,1.09,1.45,1.03,0.99,0.92,1.09,1.34,1.12,1.07,0.91,1.01,1.25,1.05,0.77,1.2,0.98,1.13,0.89,1.01,1.35,1.14,4.02,4.68,4.46,4.76,4.5,4.42,4.14,5.01,4.73,5.16,4.22,5.16,4.33,3.84,5.15,4.38,5.42,4.93,3.83,5.19,4.84,5.04,7.34,9.08,8.32,10.21,9.99,9.7,8.4,11.89,10.96,9.11,8.59,9.36,9.76,9.63,9.81,10.66,10.45,12.63,8.26,9.39,10.36,10.36
2022-04,115.41,119.55,119.22,121.16,121.58,118.57,116.31,123.25,119.89,116.82,118.57,118,118.23,118.15,119.82,122.52,121.4,122.5,116.16,117.75,119.63,118.26,1.29,1.36,1.07,1.28,1.31,1.12,1.31,1.13,1.13,1.35,1.18,1.53,1.44,1.14,1.09,1.66,1.41,1.02,1.57,1.17,1.57,1.19,5.36,6.1,5.58,6.1,5.87,5.59,5.5,6.19,5.91,6.58,5.45,6.76,5.83,5.02,6.3,6.12,6.91,6.01,5.47,6.42,6.49,6.29,8.11,9.93,9.05,10.64,10.66,10.05,9.33,12.28,11.57,10.03,9.07,10.38,10.65,10.05,10.14,11.95,11.11,12.29,9.44,9.86,11.19,10.9
2022-05,116.35,120.54,120.19,122.45,122.37,119.58,117.86,124.17,120.94,117.62,119.51,119.29,118.74,119.04,120.83,123.18,122.61,123.99,117.38,118.71,120.69,119.15,0.82,0.82,0.82,1.06,0.65,0.85,1.34,0.74,0.88,0.69,0.79,1.1,0.43,0.75,0.84,0.54,1,1.22,1.04,0.81,0.89,0.75,6.22,6.98,6.44,7.23,6.56,6.49,6.91,6.98,6.84,7.31,6.29,7.93,6.29,5.81,7.19,6.7,7.98,7.3,6.57,7.29,7.43,7.09,8.33,7.85,9.3,10.82,9.87,9.95,9.78,11.79,8.2,9.43,9.04,10.51,8.98,9.36,9.69,7.71,11.42,12.63,9.92,10.26,11.44,10.17
2022-06,117,121.2,120.8,122.7,122.82,120.22,118.51,125.67,121.18,117.78,119.97,119.92,119.38,119.31,121.25,123.74,122.5,124.44,117.75,119.36,121.37,119.56,0.56,0.55,0.51,0.21,0.37,0.53,0.55,1.21,0.2,0.14,0.38,0.53,0.54,0.23,0.35,0.45,-0.09,0.37,0.32,0.55,0.57,0.34,6.81,7.57,6.98,7.45,6.96,7.06,7.5,8.27,7.05,7.46,6.7,8.5,6.86,6.05,7.57,7.18,7.88,7.69,6.91,7.88,8.04,7.46,8.89,9.79,9.8,11,9.99,10.45,9.83,13.65,9.4,9.45,9.37,10.36,9.86,8.85,9.85,9.06,11.29,13.07,9.74,10.79,11.8,10.51
2022-07,117.71,122.22,121.89,123.91,124.08,121.14,119.62,126.9,122.38,118.67,120.89,121.32,121.3,120.74,122.32,124.84,124.31,126.05,119.55,120.83,123.03,120.84,0.61,0.84,0.9,0.98,1.03,0.77,0.94,0.98,0.99,0.75,0.77,1.17,1.6,1.2,0.88,0.89,1.48,1.29,1.53,1.22,1.37,1.07,7.46,8.48,7.95,8.5,8.06,7.88,8.51,9.33,8.11,8.27,7.52,9.77,8.58,7.32,8.51,8.14,9.47,9.08,8.54,9.2,9.51,8.61,9.21,10.44,10.34,11.47,10.72,11.16,10.66,14.09,10.53,10.01,9.87,11.65,11.26,9.84,10.53,10.34,12.29,13.72,11.28,11.46,13.11,11.53
2022-08,118.7,123.59,123,126.31,125.56,122.26,121.48,128.16,124.06,120.23,122.09,122.68,122.26,121.87,123.58,126.47,126.17,128.01,121.36,121.67,124.84,122,0.83,1.12,0.91,1.94,1.19,0.93,1.56,0.99,1.37,1.31,0.99,1.11,0.79,0.94,1.03,1.3,1.5,1.56,1.51,0.7,1.47,0.96,8.36,9.69,8.93,10.61,9.34,8.88,10.2,10.42,9.59,9.69,8.58,11,9.44,8.32,9.64,9.54,11.11,10.78,10.18,9.96,11.12,9.66,9.69,11.21,10.72,12.94,11.6,11.63,11.9,14.26,11.48,11.21,10.46,12.53,11.88,10.67,11.33,11.35,13.67,14.42,11.93,11.98,14.28,12.14
2022-09,119.83,124.5,124.15,127.41,127.03,123.52,122.61,129.7,125.41,121.61,123.2,123.81,123.51,123.15,124.69,127.91,127.55,128.97,122.34,122.53,125.57,123.07,0.95,0.74,0.94,0.86,1.18,1.03,0.93,1.2,1.1,1.15,0.91,0.93,1.02,1.05,0.9,1.14,1.09,0.75,0.81,0.71,0.58,0.88,9.39,10.49,9.95,11.57,10.63,10,11.22,11.74,10.79,10.95,9.57,12.02,10.56,9.47,10.62,10.79,12.32,11.61,11.07,10.74,11.77,10.62,10.42,11.73,11.14,13.16,12.39,12.25,12.53,14.73,12.7,12.54,11.05,13.23,12.48,11.17,12.27,12.66,14.34,14.41,12.39,12.1,14.38,12.55
2022-10,120.64,125.42,125.14,127.78,127.92,124.49,123.32,131.18,126.44,122.53,124.01,124.85,124.41,124.19,125.73,128.63,128.27,129.88,124.97,123.48,126.66,123.79,0.68,0.74,0.8,0.29,0.7,0.78,0.57,1.14,0.82,0.76,0.66,0.84,0.73,0.84,0.83,0.56,0.57,0.7,2.16,0.78,0.87,0.59,10.14,11.31,10.83,11.89,11.4,10.86,11.86,13.02,11.7,11.79,10.29,12.96,11.37,10.38,11.54,11.41,12.97,12.39,13.46,11.6,12.74,11.27,11.16,12.56,12.1,13.54,13.5,12.61,13.34,15.62,13.9,13.51,11.81,14.17,13.19,12.43,13.2,13.4,15.04,15.28,14.89,12.79,15.16,13.2
2022-11,121.55,126.32,126.2,128.84,129.05,125.5,124.18,132.49,127.4,123.3,125.08,125.72,125.44,125.39,126.54,129.43,129.47,130.53,125.84,124.1,127.76,124.74,0.75,0.72,0.84,0.83,0.88,0.81,0.7,1,0.76,0.63,0.87,0.7,0.83,0.97,0.65,0.62,0.93,0.5,0.7,0.49,0.87,0.76,10.97,12.11,11.76,12.82,12.38,11.76,12.65,14.15,12.55,12.49,11.25,13.75,12.29,11.45,12.26,12.1,14.02,12.96,14.25,12.15,13.72,12.12,11.47,12.93,12.66,13.85,13.8,12.9,13.58,15.71,13.96,13.35,12.14,14.38,13.46,12.88,13.12,13.44,15.51,15.11,15.04,12.95,15.28,13.22
2022-12,123.07,128.07,127.31,130.5,131,127.21,126.03,135.03,128.97,125.16,126.61,127.52,127.21,127.54,128.22,131.38,131.17,132.04,127.58,126.4,129.79,126.34,1.25,1.39,0.88,1.29,1.51,1.37,1.49,1.92,1.23,1.51,1.22,1.43,1.41,1.71,1.33,1.51,1.32,1.15,1.38,1.86,1.59,1.29,12.35,13.67,12.75,14.28,14.08,13.28,14.33,16.34,13.93,14.18,12.61,15.38,13.87,13.36,13.75,13.8,15.52,14.26,15.83,14.24,15.53,13.56,12.35,13.67,12.75,14.28,14.08,13.28,14.33,16.34,13.93,14.18,12.61,15.38,13.87,13.36,13.75,13.8,15.52,14.26,15.83,14.24,15.53,13.56
2023-01,125.35,130.36,129.58,132.6,133.49,129.72,128.23,137.15,131.19,127.15,129.18,129.77,129.24,129.94,130.16,133.99,133.31,134.6,129.04,128.75,131.52,128.33,1.85,1.79,1.78,1.61,1.9,1.97,1.74,1.58,1.72,1.59,2.02,1.77,1.6,1.88,1.51,1.99,1.63,1.94,1.14,1.86,1.33,1.57,1.85,1.79,1.78,1.61,1.9,1.97,1.74,1.58,1.72,1.59,2.02,1.77,1.6,1.88,1.51,1.99,1.63,1.94,1.14,1.86,1.33,1.57,12.71,13.67,12.94,14.11,14.24,13.29,14.81,15.91,13.87,13.3,12.83,15.35,13.61,14.02,12.85,14.13,14.69,14.66,15.45,14.02,15.22,12.84
2023-02,127.72,132.23,131.61,134.88,135.36,131.68,129.92,139.66,132.89,128.79,131.28,131.76,131.11,131.81,132.22,135.73,134.86,136.31,130.32,131.48,133.12,130.24,1.89,1.43,1.57,1.72,1.4,1.51,1.32,1.83,1.3,1.29,1.63,1.53,1.44,1.44,1.58,1.29,1.16,1.27,1,2.12,1.22,1.49,3.78,3.25,3.38,3.35,3.33,3.51,3.09,3.43,3.04,2.91,3.69,3.33,3.07,3.35,3.12,3.31,2.81,3.24,2.15,4.01,2.56,3.09,12.94,13.33,13.2,13.9,13.92,13.33,14.41,16.12,13.35,12.94,13.05,14.51,13.9,14.02,12.41,13.97,13.75,13.69,14.97,14.11,14.56,12.72
2023-03,129.05,133.64,133.28,136.37,136.7,132.81,131.01,140.62,133.9,130.47,132.59,132.86,132.23,133.15,133.63,137.67,135.86,137.84,131.47,133.07,134.66,131.45,1.04,1.06,1.27,1.1,0.99,0.86,0.84,0.69,0.76,1.3,1,0.83,0.86,1.01,1.07,1.43,0.75,1.13,0.88,1.21,1.16,0.93,4.86,4.35,4.69,4.49,4.35,4.4,3.95,4.14,3.82,4.25,4.72,4.18,3.95,4.4,4.22,4.79,3.57,4.4,3.05,5.27,3.75,4.04,13.26,13.3,12.99,13.99,13.92,13.26,14.12,15.38,12.94,13.2,13.15,14.31,13.45,13.98,12.74,14.24,13.49,13.68,14.95,14.33,14.33,12.49
2023-04,130.2,134.6,134.34,137.16,137.78,133.46,132.24,142.19,134.62,130.75,133.47,134.02,133.04,133.6,134.68,138.32,137.17,138.88,132.46,133.54,135.66,132.17,0.89,0.72,0.8,0.58,0.79,0.49,0.94,1.12,0.54,0.21,0.66,0.87,0.61,0.34,0.79,0.47,0.96,0.75,0.76,0.35,0.74,0.55,5.8,5.1,5.52,5.1,5.18,4.91,4.92,5.31,4.39,4.47,5.41,5.09,4.58,4.75,5.04,5.28,4.57,5.18,3.83,5.64,4.52,4.61,12.82,12.59,12.68,13.21,13.33,12.55,13.7,15.37,12.29,11.92,12.57,13.58,12.53,13.08,12.41,12.9,12.99,13.38,14.03,13.4,13.4,11.77
2023-05,130.65,135.35,135.29,137.93,137.93,133.91,132.94,142.5,135.37,130.99,133.87,134.71,133.45,134.05,135.01,138.71,137.7,139.07,133.71,133.41,136.76,132.57,0.34,0.56,0.71,0.56,0.11,0.34,0.53,0.22,0.56,0.19,0.3,0.52,0.31,0.34,0.24,0.29,0.39,0.14,0.94,-0.1,0.81,0.3,6.16,5.68,6.27,5.69,5.29,5.27,5.48,5.53,4.97,4.66,5.73,5.64,4.91,5.11,5.3,5.58,4.97,5.33,4.8,5.54,5.37,4.93,12.29,12.29,12.56,12.64,12.72,11.98,12.79,14.76,11.94,11.37,12.02,12.93,12.39,12.61,11.74,12.61,12.31,12.17,13.91,12.38,13.31,11.27
2023-06,130.97,135.59,135.77,138.47,138.45,134.73,133.42,142.59,136.13,131.5,134.15,135.45,133.99,134.67,135.75,138.69,137.75,139.51,134.64,133.57,137.22,132.72,0.24,0.18,0.36,0.39,0.37,0.61,0.36,0.07,0.56,0.39,0.21,0.55,0.4,0.46,0.55,-0.02,0.04,0.32,0.7,0.12,0.34,0.11,6.42,5.87,6.64,6.1,5.68,5.91,5.86,5.6,5.55,5.07,5.95,6.22,5.33,5.59,5.87,5.56,5.02,5.66,5.53,5.67,5.73,5.04,11.94,11.87,12.39,12.85,12.72,12.07,12.58,13.47,12.34,11.65,11.82,12.95,12.24,12.87,11.95,12.08,12.45,12.11,14.34,11.9,13.06,11.01
2023-07,131.64,136.27,136.44,139.2,138.9,135.17,134.17,143.36,136.88,132.42,134.69,136.41,134.98,135.1,136.08,139.54,138.25,140.37,135.58,134.12,138.17,133.23,0.51,0.5,0.5,0.53,0.33,0.33,0.56,0.54,0.55,0.69,0.4,0.71,0.74,0.32,0.25,0.61,0.36,0.62,0.7,0.41,0.69,0.39,6.96,6.4,7.18,6.66,6.03,6.26,6.45,6.17,6.14,5.8,6.37,6.97,6.11,5.93,6.13,6.21,5.39,6.31,6.28,6.1,6.46,5.45,11.83,11.49,11.94,12.34,11.94,11.59,12.16,12.98,11.85,11.58,11.41,12.44,11.28,11.89,11.25,11.77,11.21,11.37,13.41,11,12.3,10.26
2023-08,132.54,137.56,137.17,140.34,139.67,136.21,135.21,144.29,137.88,133.47,135.34,137.53,136.32,135.84,137.01,140.78,139.6,141.34,136.63,134.84,139.1,134.01,0.69,0.94,0.53,0.82,0.56,0.77,0.77,0.65,0.73,0.8,0.49,0.82,0.99,0.55,0.68,0.89,0.98,0.69,0.77,0.54,0.67,0.59,7.7,7.4,7.75,7.53,6.62,7.08,7.28,6.86,6.91,6.65,6.89,7.85,7.16,6.51,6.85,7.15,6.42,7.05,7.1,6.67,7.18,6.07,11.67,11.3,11.53,11.1,11.24,11.41,11.3,12.59,11.15,11.02,10.86,12.11,11.5,11.46,10.86,11.32,10.65,10.42,12.58,10.82,11.42,9.85
2023-09,133.35,138.08,137.71,141.21,140.74,136.71,136.18,145.57,138.68,134.34,135.87,138.43,137.1,136.6,137.78,141.49,140.19,141.9,137.46,135.94,139.76,134.63,0.61,0.38,0.39,0.63,0.76,0.37,0.72,0.88,0.58,0.65,0.39,0.66,0.57,0.56,0.57,0.51,0.42,0.4,0.61,0.82,0.47,0.46,8.35,7.82,8.17,8.21,7.43,7.47,8.05,7.8,7.53,7.34,7.31,8.56,7.77,7.11,7.46,7.7,6.88,7.47,7.74,7.54,7.68,6.56,11.29,10.91,10.93,10.84,10.79,10.68,11.07,12.23,10.58,10.47,10.29,11.81,11,10.92,10.5,10.62,9.92,10.03,12.36,10.94,11.3,9.39
2023-10,133.64,138.73,137.95,141.62,141.04,137.11,136.38,146.13,139.09,134.4,136.28,138.88,136.93,137.21,137.88,142.05,140.92,142.54,137.81,136.09,140.44,134.56,0.22,0.47,0.17,0.29,0.22,0.29,0.14,0.39,0.29,0.04,0.31,0.32,-0.12,0.44,0.07,0.39,0.52,0.45,0.25,0.11,0.49,-0.06,8.59,8.32,8.36,8.52,7.66,7.78,8.2,8.22,7.85,7.39,7.64,8.91,7.64,7.58,7.53,8.12,7.43,7.96,8.02,7.67,8.2,6.5,10.78,10.62,10.23,10.83,10.26,10.13,10.59,11.4,10,9.69,9.9,11.23,10.06,10.49,9.67,10.43,9.86,9.75,10.27,10.21,10.88,8.69
2023-11,134.03,138.92,138.73,143.57,141.98,137.96,137.34,147.03,139.66,134.31,137.34,140.04,137.24,137.95,138.67,142.2,142.99,145.63,138.68,136.18,141.78,134.74,0.29,0.14,0.57,1.38,0.67,0.62,0.71,0.62,0.41,-0.07,0.77,0.84,0.23,0.54,0.57,0.11,1.47,2.16,0.64,0.07,0.96,0.13,8.9,8.47,8.97,10.02,8.38,8.45,8.97,8.89,8.29,7.31,8.47,9.82,7.88,8.16,8.15,8.23,9.01,10.29,8.7,7.74,9.24,6.64,10.27,9.98,9.93,11.43,10.02,9.93,10.6,10.98,9.62,8.93,9.8,11.39,9.4,10.02,9.59,9.87,10.45,11.56,10.2,9.74,10.97,8.01
2023-12,134.67,139.23,139.47,144.01,142.27,138.61,138.52,147.63,139.84,134.91,137.66,140.89,137.53,138.73,139.07,141.92,143.48,145.9,139.31,136.72,143.66,135.43,0.48,0.22,0.54,0.3,0.2,0.47,0.86,0.41,0.12,0.45,0.23,0.6,0.21,0.57,0.29,-0.2,0.34,0.19,0.45,0.39,1.33,0.51,9.43,8.71,9.55,10.35,8.6,8.96,9.91,9.33,8.43,7.79,8.72,10.48,8.11,8.78,8.46,8.02,9.38,10.5,9.2,8.16,10.69,7.19,9.43,8.71,9.55,10.35,8.6,8.96,9.91,9.33,8.43,7.79,8.72,10.48,8.11,8.78,8.46,8.02,9.38,10.5,9.2,8.16,10.69,7.19
2024-01,135.59,140.71,141.65,144.83,143.75,140.21,139.81,148.65,140.82,136.08,138.98,142.57,138.92,139.51,140.21,143.05,145.43,147.07,141.01,137.94,145.69,136.5,0.68,1.06,1.56,0.57,1.04,1.15,0.93,0.69,0.7,0.87,0.96,1.2,1.01,0.56,0.82,0.8,1.36,0.8,1.22,0.89,1.41,0.79,0.68,1.06,1.56,0.57,1.04,1.15,0.93,0.69,0.7,0.87,0.96,1.2,1.01,0.56,0.82,0.8,1.36,0.8,1.22,0.89,1.41,0.79,8.17,7.94,9.32,9.22,7.69,8.09,9.03,8.38,7.34,7.03,7.59,9.86,7.48,7.36,7.73,6.76,9.09,9.26,9.27,7.14,10.77,6.37
2024-02,137.45,142.02,142.75,146.37,145.49,141.61,140.76,149.99,142.07,137.4,140.65,143.47,139.93,140.81,141.73,144.34,147.54,148.19,142.04,140.59,146.61,137.5,1.37,0.93,0.78,1.07,1.21,1,0.68,0.9,0.89,0.96,1.2,0.63,0.73,0.93,1.08,0.9,1.45,0.77,0.74,1.92,0.63,0.73,2.06,2,2.35,1.64,2.26,2.16,1.61,1.6,1.6,1.84,2.18,1.83,1.75,1.49,1.91,1.7,2.83,1.57,1.96,2.83,2.05,1.53,7.61,7.4,8.47,8.52,7.48,7.54,8.34,7.39,6.91,6.68,7.14,8.88,6.73,6.82,7.2,6.34,9.41,8.72,8.99,6.93,10.13,5.57
2024-03,138.58,142.75,143.87,147.36,146,142.26,141.56,151.2,143.32,138.47,141.37,144.31,140.59,141.61,142.68,145.39,148.01,148.51,142.75,141.57,147.43,138.25,0.82,0.51,0.78,0.67,0.35,0.46,0.57,0.81,0.88,0.78,0.51,0.58,0.47,0.57,0.67,0.73,0.31,0.21,0.5,0.69,0.56,0.54,2.9,2.53,3.15,2.32,2.62,2.64,2.2,2.42,2.49,2.64,2.7,2.43,2.23,2.08,2.59,2.44,3.16,1.79,2.47,3.55,2.63,2.08,7.38,6.81,7.95,8.06,6.8,7.12,8.05,7.52,7.03,6.13,6.62,8.62,6.32,6.36,6.77,5.6,8.94,7.74,8.58,6.39,9.49,5.17
